address,company,des,job,money,qua,req
上海,上海拍拍贷金融信息服务有限公司,"绩效奖金,五险一金,带薪年假,午餐补助",python工程师,12k-24k,金融/上市公司,本科/3-5年
上海,上海墨沐金融信息服务有限公司,"不差钱,经纬中国,核心竞争力,弹性工作",资深python开发工程师,25k-35k,"移动互联网,金融/A轮",本科/3-5年
上海,上海合合信息科技发展有限公司,"团队建设,技能培训,节日礼物,年底分红",python开发工程师,11k-22k,移动互联网/C轮,本科/1-3年
上海,上海中软华腾软件系统有限公司,"年底双薪,绩效奖金,带薪年假,定期体检",python工程师,12k-20k,"企业服务,金融/上市公司",本科/3-5年
上海,上海道客网络科技有限公司,"工程师文化,业界大牛,改变世界,豪华团队",Python开发工程师,20k-40k,"企业服务,数据服务/A轮",本科/3-5年
上海,平安科技（深圳）有限公司,"节日礼物,年度旅游,岗位晋升,技能培训",Python开发工程师（上海）,15k-30k,金融/不需要融资,本科/不限
上海,无锡华云数据技术服务有限公司,"节日礼物,带薪年假,扁平管理,弹性工作",Python开发工程师,18k-28k,"移动互联网,数据服务/D轮及以上",本科/3-5年
上海,蜜柚网络科技（上海）有限公司,"技能培训,节日礼物,股票期权,带薪年假",高级Python开发工程师,25k-50k,"社交网络,文化娱乐/不需要融资",本科/3-5年
上海,上海海万信息科技股份有限公司,,python,8k-15k,"移动互联网,金融/不需要融资",本科/3-5年
上海,上海众言网络科技有限公司,"技能培训,节日礼物,年底双薪,绩效奖金",Python开发师,12k-24k,移动互联网/B轮,本科/3-5年
上海,上海进馨网络科技有限公司,"股票期权,岗位晋升,扁平管理,五险一金",Python开发工程师,15k-25k,"移动互联网,教育/B轮",本科/3-5年
上海,北京来也网络科技有限公司,"绩效奖金,扁平管理,领导好,五险一金",Python开发工程师(193),15k-30k,移动互联网/B轮,不限/不限
上海,上海米闲企业管理合伙企业(有限合伙),,Python工程师,10k-20k,"移动互联网,企业服务/不需要融资",本科/1-3年
上海,宏居网络技术（上海）有限公司,"带薪年假,岗位晋升,扁平管理,美女多",Python开发／后端软件工程师.,20k-30k,移动互联网/B轮,本科/3-5年
上海,江苏车置宝信息科技股份有限公司,,python,20K-40K,"电子商务,移动互联网/C轮",本科/3-5年
上海,上海墨沐金融信息服务有限公司,"不差钱,经纬中国,核心竞争力,弹性工作",python 开发工程师,10k-20k,"移动互联网,金融/A轮",本科/1-3年
上海,北京来也网络科技有限公司,"绩效奖金,扁平管理,领导好,五险一金",Python开发工程师,15k-30k,移动互联网/B轮,本科/1-3年
上海,上海青客公共租赁住房租赁经营管理股份有限公司,"技能培训,年底双薪,专项奖金,股票期权",python工程师,15k-25k,"移动互联网,O2O/C轮",本科/3-5年
上海,上海庆科信息技术有限公司,"互联网风口,物联网、高新,Wi-Fi,午餐补助",python开发工程师,15k-18k,硬件/B轮,本科/1-3年
上海,上海贝涛金融信息服务有限公司,"节日礼物,年底双薪,专项奖金,带薪年假",高级Python研发工程师,15k-30k,金融/A轮,本科/3-5年
上海,上海晓途网络科技有限公司,"节日礼物,带薪年假,岗位晋升,年度旅游",Python开发工程师,15k-25k,移动互联网/B轮,本科/1-3年
上海,无锡华云数据技术服务有限公司,"节日礼物,带薪年假,扁平管理,弹性工作",103-中级Python开发工程师,15k-25k,"移动互联网,数据服务/D轮及以上",本科/3-5年
上海,上海阿牛信息科技有限公司,"技能培训,节日礼物,岗位晋升,年度旅游",高级Python开发工程师,15k-22k,"金融,移动互联网/B轮",本科/3-5年
上海,上海真己化人教育科技有限公司,"技能培训,带薪年假,岗位晋升,帅哥多",Python开发工程师兼高级铲屎官,8k-15k,文化娱乐/不需要融资,本科/1-3年
上海,上海层峰网络科技有限公司,"五险一金,岗位晋升,年度旅游,定期体检",python高级开发工程师,15k-26k,"数据服务,移动互联网/B轮",本科/3-5年
上海,平安科技（深圳）有限公司,"节日礼物,年度旅游,岗位晋升,技能培训",Python开发工程师（上海）,10k-15k,金融/不需要融资,本科/不限
上海,深圳市房多多网络科技有限公司,"节日礼物,带薪年假,扁平管理,美女多",Python研发工程师,15k-30k,"移动互联网,O2O/C轮",本科/1-3年
上海,微额速达(上海)金融信息服务有限公司,"股票期权,带薪年假,绩效奖金,年终分红",Python,10k-20k,"移动互联网,金融/B轮",不限/1-3年
上海,平安普惠企业管理有限公司,"带薪年假,专项奖金,年终分红,定期体检",Python开发工程师,13k-20k,"金融,移动互联网/不需要融资",本科/3-5年
上海,上海戎磐网络科技有限公司,"带薪年假,定期体检,节日礼物,五险一金",Python开发（环境好，氛围好）,8k-14k,信息安全、移动互联网/天使轮,本科/1-3年
上海,无锡华云数据技术服务有限公司,"节日礼物,带薪年假,扁平管理,弹性工作",32-高级Python开发工程师,15k-25k,"移动互联网,数据服务/D轮及以上",大专/1-3年
上海,上海真己化人教育科技有限公司,"技能培训,带薪年假,岗位晋升,帅哥多",Python高级开发工程师,8k-15k,文化娱乐/不需要融资,本科/1-3年
上海,上海众言网络科技有限公司,"技能培训,节日礼物,年底双薪,绩效奖金",Python资深开发,12k-24k,移动互联网/B轮,本科/3-5年
上海,深圳市紫川软件有限公司,"节日礼物,年底双薪,绩效奖金,岗位晋升",python开发工程师,12k-19k,"电子商务,金融/不需要融资",大专/3-5年
上海,百硕同兴科技（北京）有限公司,"技能培训,年底双薪,节日礼物,绩效奖金",Python开发工程师,7k-12k,"企业服务,金融/不需要融资",本科/3-5年
上海,上海谷露软件有限公司,"团队融洽,股票期权,扁平管理,帅哥多",Python工程师,15k-25k,"数据服务,招聘/A轮",本科/1-3年
上海,上海华瑞银行股份有限公司,"绩效奖金,扁平管理,领导好,美女多",Python开发工程师,20k-40k,金融/不需要融资,本科/3-5年
上海,上海幻电信息科技有限公司,"带薪年假,绩效奖金,交通补助,午餐补助",Python开发工程师,15k-30k,"移动互联网,文化娱乐/上市公司",本科/1-3年
上海,上海基分文化传播有限公司,"专项奖金,带薪年假,弹性工作,管理规范",Python开发工程师,20k-35k,移动互联网/不需要融资,大专/3-5年
上海,上海悦易网络信息技术有限公司,"节日礼物,股票期权,专项奖金,带薪年假",python工程师,15k-25k,"电子商务,O2O/D轮及以上",本科/3-5年
上海,上海道客网络科技有限公司,"工程师文化,业界大牛,改变世界,豪华团队",Python研发工程师,15k-30k,"企业服务,数据服务/A轮",本科/3-5年
上海,上海利莫网络科技有限公司,"专项奖金,股票期权,带薪年假,年度旅游",Python工程师,10k-20k,金融/B轮,不限/1-3年
上海,再惠（上海）网络科技有限公司,"午餐晚餐补助,领导亲和逗逼,丰厚股票期权,年底2-5薪",高级python工程师,20k-40k,"移动互联网,企业服务/B轮",本科/3-5年
上海,上海优刻得信息科技有限公司,"节日礼物,技能培训,股权激励计划,代码改变世界",资深Python开发工程师,25k-35k,"数据服务,企业服务/D轮及以上",本科/5-10年
上海,上海点融信息科技有限责任公司,"节日礼物,带薪年假,岗位晋升,扁平管理",高级python开发工程师-SH415-41509,20k-40k,金融/D轮及以上,本科/3-5年
上海,无锡华云数据技术服务有限公司,"节日礼物,带薪年假,扁平管理,弹性工作",高级Python开发工程师,18k-25k,"移动互联网,数据服务/D轮及以上",本科/3-5年
上海,上海真己化人教育科技有限公司,"技能培训,带薪年假,岗位晋升,帅哥多",Python资深开发工程师,12k-24k,文化娱乐/不需要融资,本科/3-5年
上海,上海众言网络科技有限公司,"技能培训,节日礼物,年底双薪,绩效奖金",高级Python开发,12k-24k,移动互联网/B轮,本科/3-5年
上海,上海果雪信息科技有限公司,"年底双薪,带薪年假,午餐补助,通讯津贴",Python 工程师,15k-30k,移动互联网/A轮,本科/3-5年
上海,北京字节跳动科技有限公司,"扁平管理,弹性工作,大厨定制三餐,就近租房补贴",高级Python开发工程师,25k-50k,"移动互联网,数据服务/C轮",本科/3-5年
上海,竹间智能科技（上海）有限公司,"年底双薪,股票期权,带薪年假,绩效奖金",Python 开发工程师,20k以上,"移动互联网,其他/B轮",本科/不限
上海,通联数据股份公司,"五险一金,通讯津贴,带薪年假,节日礼物",python开发工程师,10k-20k,金融/不需要融资,本科/3-5年
上海,上海壤歌市场营销策划有限公司,"股票期权,绩效奖金,岗位晋升,扁平管理",资深Python工程师,18k-28k,"移动互联网,企业服务/A轮",本科/3-5年
上海,深圳市前海自乐游旅游科技有限公司,"领导好,扁平管理,AI,人工智能",Python开发工程师,25k-50k,"移动互联网,旅游/A轮",本科/3-5年
上海,上海唯链信息科技有限公司,"弹性工作,五险一金,老司机驾校,年底N薪",python高级研发,20k-35k,"移动互联网,信息安全/A轮",大专/3-5年
上海,两鲜商贸（上海）有限公司,"技能培训,节日礼物,带薪年假,岗位晋升",Python 开发工程师,10k-15k,电子商务/A轮,大专/1-3年
上海,上海道客网络科技有限公司,"工程师文化,业界大牛,改变世界,豪华团队",Python开发工程师,10k-20k,"企业服务,数据服务/A轮",本科/1-3年
上海,上海驻云信息科技有限公司,"股票期权,带薪年假,定期体检,年度旅游",Python开发工程师,15k-25k,"移动互联网,企业服务/C轮",大专/3-5年
上海,上海创远教育科技有限公司,"周末双休,不加班,年终奖,一年多次加薪",Python开发工程师,15k-20k,教育/A轮,本科/3-5年
上海,上海游族信息技术有限公司,"五险一金,岗位晋升,弹性工作,扁平管理",资深python开发工程师,15k-25k,"移动互联网,游戏/上市公司",不限/3-5年
上海,上海众言网络科技有限公司,"技能培训,节日礼物,年底双薪,绩效奖金",Python开发,12k-24k,移动互联网/B轮,本科/3-5年
上海,苏州博纳讯动软件有限公司,"凝聚力强,客户群广,发展迅速,团队年轻",Python开发工程师,6k-10k,"移动互联网,企业服务/B轮",本科/3-5年
上海,上海优刻得信息科技有限公司,"节日礼物,技能培训,股权激励计划,代码改变世界",高级Python开发工程师,25k-35k,"数据服务,企业服务/D轮及以上",本科/5-10年
上海,上海道客网络科技有限公司,"工程师文化,业界大牛,改变世界,豪华团队",Python研发工程师,10k-20k,"企业服务,数据服务/A轮",本科/1-3年
上海,上海物思信息科技有限公司,,Python高级工程师,10k-16k,"移动互联网,硬件/天使轮",本科/1-3年
上海,深圳狗尾草智能科技有限公司,"年底双薪,股票期权,带薪年假,绩效奖金",高级Python开发工程师,15k-30k,"移动互联网,O2O/A轮",本科/5-10年
上海,上海江村市隐智能科技有限公司,"年底双薪,带薪年假,午餐补助,绩效奖金",Python开发,10k-15k,"移动互联网,企业服务/不需要融资",本科/1-3年
上海,上海果雪信息科技有限公司,"年底双薪,带薪年假,午餐补助,通讯津贴",Python开发,15k-25k,移动互联网/A轮,本科/3-5年
上海,亿可能源科技（上海）有限公司,"技能培训,带薪年假,绩效奖金,岗位晋升",Python,15k-30k,"移动互联网,数据服务/A轮",本科/3-5年
上海,上海语酷网络科技有限公司,"""""",python高级研发,20k-35k,"社交网络,企业服务/不需要融资",本科/3-5年
上海,上海知助数据科技有限公司,,Python,12k-17k,"数据服务,企业服务/天使轮",本科/不限
上海,上海分泰信息科技有限公司,,python开发工程师,15K-25K,移动互联网/天使轮,本科/3-5年
上海,瞬联软件科技（北京）有限公司,"高薪,节日礼物,弹性工作,带薪年假",python开发工程师,10k-15k,"移动互联网 ,企业服务/不需要融资",本科/不限
上海,浙江九州云信息科技有限公司,"技能培训,绩效奖金,岗位晋升,定期体检",python工程师,15k-30k,数据服务/B轮,不限/不限
上海,上海亦存网络科技有限公司,"技能培训,专项奖金,绩效奖金,扁平管理",高级Python开发,20k-40k,"企业服务,数据服务/不需要融资",本科/3-5年
上海,上海泛微网络科技股份有限公司,"技能培训,带薪年假,绩效奖金,岗位晋升",运维工程师（Python）,8k-13k,"移动互联网,企业服务/上市公司",本科/1-3年
上海,上海拿米金融信息服务有限公司,"年底双薪,股票期权,带薪年假,通讯津贴",大数据应用工程师-Python,20k-35k,"移动互联网,金融/不需要融资",大专/3-5年
上海,上海趋佳信息科技有限公司,"""""",Python研发工程师,15K-22K,移动互联网/天使轮,本科/3-5年
上海,上海道客网络科技有限公司,"工程师文化,业界大牛,改变世界,豪华团队",高级 Python 研发工程师（上海）,10k-20k,"企业服务,数据服务/A轮",本科/3-5年
上海,浚皙商务咨询（上海）有限公司,"节日礼物,韩语英语氛围,扁平管理,领导好",Python,15k-25k,"社交网络,游戏/不需要融资",本科/3-5年
上海,上海魔芋网络科技有限公司,"年底双薪,岗位晋升,扁平管理,领导好",python开发工程师,15k-25k,数据服务/A轮,本科/1-3年
上海,源杉信息技术（上海）有限公司,"股票期权,美女多,领导好,扁平管理",Python后端工程师,15k-30k,"数据服务,金融/天使轮",本科/3-5年
上海,上海炫体信息科技有限公司,"节日礼物,年底双薪,专项奖金,带薪年假",Python（年轻人的狂欢）,12k-20k,"移动互联网,社交网络/不需要融资",大专/1-3年
上海,上海厚本金融信息服务有限公司,"技能培训,年底双薪,股票期权,带薪年假",Python/Go 运维开发工程师,15k-25k,金融/A轮,本科/3-5年
上海,上海互趣网络科技有限公司,"股票期权,午餐补助,带薪年假,极客文化",Java/Python资深开发工程师,35k-70k,"移动互联网,社交网络/B轮",本科/5-10年
上海,上海壤歌市场营销策划有限公司,"股票期权,绩效奖金,岗位晋升,扁平管理",python工程师,10k-15k,"移动互联网,企业服务/A轮",不限/1-3年
上海,北京云英传奇技术有限公司,"绩效奖金,定期体检,带薪年假,弹性工作",Python开发工程师,17k-25k,"移动互联网,数据服务/A轮",本科/3-5年
上海,上海优刻得信息科技有限公司,"节日礼物,技能培训,股权激励计划,代码改变世界",初级Python开发工程师,15k-25k,"数据服务,企业服务/D轮及以上",本科/1-3年
上海,一图一数（北京）科技有限公司,"专项奖金,年终分红,带薪年假",Python开发工程师,20k-30k,"移动互联网,广告营销/未融资",本科/3-5年
上海,上海数旦信息技术有限公司,"绩效奖金,股票期权,定期体检,年度旅游",Python开发高级工程师,15k-30k,"移动互联网,金融/A轮",本科/3-5年
上海,上海拿米金融信息服务有限公司,"年底双薪,股票期权,带薪年假,通讯津贴",大数据应用工程师-Python,20k-40k,"移动互联网,金融/不需要融资",大专/3-5年
上海,上海炫体信息科技有限公司,"节日礼物,年底双薪,专项奖金,带薪年假",Python,10k-20k,"移动互联网,社交网络/不需要融资",不限/1-3年
上海,再惠（上海）网络科技有限公司,"午餐晚餐补助,领导亲和逗逼,丰厚股票期权,年底2-5薪",后端开发工程师（Python）,16k-32k,"移动互联网,企业服务/B轮",本科/3-5年
上海,北京奇安信科技有限公司,"年底双薪,带薪年假,午餐补助,定期体检",Python开发工程师,15k-30k,"电子商务,企业服务/不需要融资",本科/3-5年
上海,上海创远教育科技有限公司,"周末双休,不加班,年终奖,一年多次加薪",Python开发工程师,10k-18k,教育/A轮,本科/1-3年
上海,上海犇众信息技术有限公司,"节日礼物,股票期权,带薪年假,年度旅游",Python开发工程师,15k-20k,移动互联网/天使轮,大专/1-3年
上海,上海见寻文化创意有限公司,"年底双薪,定期体检,带薪年假",Python 研发工程师,12k-24k,社交网络/天使轮,本科/3-5年
上海,苏州体素信息科技有限公司,"专项奖金,交通补助,年底双薪,五险一金",Python后端工程师,20k-30k,医疗健康/A轮,本科/3-5年
上海,广州汇正财经顾问有限公司,,资深python工程师,20k-30k,金融/未融资,本科/3-5年
上海,上海思华科技股份有限公司,"节日礼物,年底双薪,专项奖金,股票期权",云计算开发工程师（Python）,12k-24k,移动互联网/D轮及以上,本科/3-5年
上海,上海行动教育科技股份有限公司,"五险一金,绩效奖金,专项奖金,定期体检",高级Python开发工程师/经理,15k-25k,教育/上市公司,本科/3-5年
上海,魔珐（上海）信息科技有限公司,"明星团队,股票期权,顶级科学家,顶级风投",Python后端开发工程师,15k-30k,"移动互联网,数据服务/天使轮",本科/3-5年
上海,北京三快在线科技有限公司,"技能培训,绩效奖金,岗位晋升,领导好",Python开发主管/经理（运维开发）,18k-35k,"移动互联网,O2O/D轮及以上",本科/3-5年
上海,微瞰智能科技（上海）有限公司,"股票期权,绩效奖金,年终分红,弹性工作",Python开发工程师,10k-15k,"数据服务,医疗健康/天使轮",本科/1-3年
上海,上海华钦软件技术有限公司,"年底双薪,绩效奖金,专项奖金,五险一金",python开发工程师,20k-35k,"金融,招聘/不需要融资",本科/5-10年
上海,杉德巍康企业服务有限公司,"年底双薪,五险一金,带薪年假,午餐补助",python开发,15k-20k,金融/D轮及以上,本科/3-5年
上海,北京推想科技有限公司,"午餐补助,股票期权,定期体检,弹性工作",python工程师,6k-12k,"医疗健康,数据服务/B轮",大专/1年以下
上海,拉扎斯网络科技（上海）有限公司,"节日礼物,绩效奖金,年度旅游,岗位晋升",高级Python工程师,15k-25k,移动互联网/D轮及以上,本科/3-5年
上海,众应互联科技股份有限公司,"领导好,扁平管理,技能培训,管理规范",Python开发工程师,12k-20k,"电子商务,游戏/上市公司",本科/3-5年
上海,互道信息技术（上海）有限公司,"节日礼物,技能培训,年底双薪,绩效奖金",Python开发,8k-15k,"移动互联网,电子商务/B轮",本科/1-3年
上海,上海犀语科技有限公司,,高级Python工程师,15k-25k,"数据服务,金融/天使轮",本科/3-5年
上海,沪江教育科技（上海）股份有限公司,"技能培训,节日礼物,年底双薪,专项奖金",python架构师,30k-40k,"移动互联网,教育/D轮及以上",大专/5-10年
上海,上海守易信息科技有限公司,"""""",python高级工程师,15k-25k,"移动互联网,电子商务/天使轮",本科/1-3年
上海,上海司睿杰建筑科技有限公司,"专项奖金,交通补助,午餐补助,通讯津贴",python开发工程师,10k-15k,"移动互联网,企业服务/不需要融资",本科/1-3年
上海,上海拿米金融信息服务有限公司,"年底双薪,股票期权,带薪年假,通讯津贴",大数据应用工程师-Python,20k-40k,"移动互联网,金融/不需要融资",大专/3-5年
上海,上海晶赫网络科技有限公司,"""""",Python高级开发工程师,20k-30k,"移动互联网,金融/不需要融资",本科/3-5年
上海,金车信息科技（上海）有限公司,,资深工程师php和python,20k-30k,"企业服务,数据服务/天使轮",本科/3-5年
上海,上海炫体信息科技有限公司,"节日礼物,年底双薪,专项奖金,带薪年假",Python（年轻人的狂欢）,12k-20k,"移动互联网,社交网络/不需要融资",大专/1-3年
上海,上海诺诺镑客金融信息服务有限公司,"晋升快速,年终分红,管理扁平,股票期权",python 开发工程师,15k-25k,"移动互联网,金融/A轮",本科/1-3年
上海,北京众标网络科技有限公司上海分公司,"股票期权,带薪年假,年度旅游,扁平管理",python开发工程师,15k-20k,"电子商务,企业服务/A轮",本科/1-3年
上海,金车信息科技（上海）有限公司,,资深Python工程师,8k-10k,"企业服务,数据服务/天使轮",本科/1-3年
上海,上海隆达软件股份有限公司,,Python工程师,15k-30k,移动互联网/未融资,本科/3-5年
上海,上海掘东信息技术有限公司,"股票期权,带薪年假,定期体检,节日礼物",Python 开发工程师,14k-28k,移动互联网/不需要融资,本科/3-5年
上海,北京京东世纪贸易有限公司,"五险一金,带薪年假,免费班车,定期体检",Python资深开发工程师,18k-36k,"电子商务,数据服务/上市公司",本科/5-10年
上海,上海抱元网络科技有限公司,"专项奖金,绩效奖金,弹性工作,扁平管理",python开发工程师,8k-15k,"移动互联网,数据服务/不需要融资",本科/1-3年
上海,上海勃池信息技术有限公司,"股票期权,扁平管理,岗位晋升,五险一金",Python开发工程师,10k-20k,"金融,数据服务/天使轮",本科/1-3年
上海,上海数腾软件科技有限公司,"技能培训,节日礼物,年底双薪,股票期权",python高级工程师,15k-25k,数据服务/未融资,本科/3-5年
上海,上海磬闻荷信息科技有限公司,"""""",高级Python软件开发工程师[闵行],12k-24k,移动互联网/天使轮,不限/3-5年
上海,上海岛昌爱佳医学科技股份有限公司,"年底双薪,技能培训,带薪年假,绩效奖金",Python开发工程师,15k-20k,医疗健康/未融资,本科/3-5年
上海,上海骞云信息科技有限公司,"年底双薪,股票期权,带薪年假,定期体检",资深Python开发工程师,18k-36k,"企业服务,数据服务/B轮",本科/3-5年
上海,千言信息技术（上海）有限公司,"股票期权,20天年假,高端医疗保险,学习基金计划",Python,15k-30k,"电子商务,教育/A轮",本科/5-10年
上海,上海泛微网络科技股份有限公司,"技能培训,带薪年假,绩效奖金,岗位晋升",运维工程师（python自动化运维）,7k-12k,"移动互联网,企业服务/上市公司",本科/1-3年
上海,上海懿天网络科技有限公司,"年底双薪,股票期权,帅哥多,扁平管理",Python图像处理开发工程师,15k-25k,"移动互联网,文化娱乐/A轮",本科/1-3年
上海,上海迈外迪网络科技有限公司,"岗位晋升,技能培训,管理规范,领导好",高级Python工程师,12k-22k,"移动互联网,O2O/D轮及以上",本科/3-5年
上海,欢唱网络科技（上海）有限公司,"扁平管理,年度旅游,技能培训,岗位晋升",高级Python工程师,14k-28k,文化娱乐/A轮,本科/3-5年
上海,上海脉策数据科技有限公司,"年底双薪,股票期权,午餐补助,定期体检",Python 工程师,15k-30k,"数据服务,企业服务/A轮",本科/1-3年
上海,上海炫体信息科技有限公司,"节日礼物,年底双薪,专项奖金,带薪年假",Python（年轻人的狂欢）,12k-20k,"移动互联网,社交网络/不需要融资",大专/1-3年
上海,上海泛微网络科技股份有限公司,"技能培训,带薪年假,绩效奖金,岗位晋升",运维工程师（python自动化运维）,6k-12k,"移动互联网,企业服务/上市公司",本科/1-3年
上海,上海层峰网络科技有限公司,"五险一金,岗位晋升,年度旅游,定期体检",python架构师,25k-35k,"数据服务,移动互联网/B轮",本科/5-10年
上海,内蒙古君正互联网小额贷款有限公司,,软件工程师（Python方向）,20k-30k,金融/不需要融资,本科/3-5年
上海,学慧帮（上海）企业管理咨询有限公司,"带薪年假,领导好,美女多",Python Developer,15k-20k,企业服务/不需要融资,本科/1-3年
上海,北京千锋互联科技有限公司,"节日礼物,专项奖金,股票期权,带薪年假",python讲师,20k-40k,移动互联网/A轮,大专/1-3年
上海,飞榴（上海）信息科技有限公司,"带薪年假,股票期权,绩效奖金,五险一金",Python开发工程师,10k-20k,"移动互联网,数据服务/A轮",本科/1-3年
上海,中文在线数字出版集团股份有限公司,"年底双薪,股票期权,绩效奖金,带薪年假",Python开发工程师(000638),10k-20k,"教育,文化娱乐/上市公司",本科/3-5年
上海,高升控股股份有限公司,"午餐补助,通讯津贴,带薪年假,专项奖金",python开发工程师,15k-25k,"企业服务,数据服务/上市公司",本科/1-3年
上海,思满软件科技（上海）有限公司,,Python,15K-30K,"移动互联网,企业服务/不需要融资",本科/1-3年
上海,拉扎斯网络科技（上海）有限公司,"节日礼物,绩效奖金,年度旅游,岗位晋升",资深／高级Python工程师,16k-32k,移动互联网/D轮及以上,本科/3-5年
上海,东吴（苏州）金融科技有限公司,,高级Python工程师,15k-30k,"金融,移动互联网/A轮",本科/3-5年
上海,上海灵兮信息科技有限公司,"节日礼物,股票期权,带薪年假,年度旅游",Python 开发工程师,6k-12k,"移动互联网,企业服务/A轮",本科/1年以下
上海,上海珩灵智能科技有限公司,,Python后端工程师,15k-20k,移动互联网/不需要融资,本科/3-5年
上海,杭州轻触科技有限公司,"年底双薪,带薪年假,节日礼物,领导好",python开发工程师,10k-20k,"企业服务,移动互联网/不需要融资",大专/不限
上海,上海微科数据科技有限公司,"专项奖金,扁平管理,领导好,技能培训",Python软件工程师,10k-20k,"金融,数据服务/不需要融资",本科/3-5年
上海,北京爱奇艺科技有限公司,"绩效奖金,五险一金,交通补助,带薪年假",Python高级开发工程师,18k-30k,"广告营销,文化娱乐/D轮及以上",本科/3-5年
上海,上海酷犇网络科技有限公司,,python 开发工程师,10k-20k,"移动互联网,金融/天使轮",本科/1-3年
上海,微瞰智能科技（上海）有限公司,"股票期权,绩效奖金,年终分红,弹性工作",Python 运维工程师,10k-15k,"数据服务,医疗健康/天使轮",本科/1-3年
上海,上海十露盘科技有限公司,,Python工程师/ 爬虫工程师,15k-25k,"数据服务,金融/天使轮",本科/3-5年
上海,上海基分文化传播有限公司,"专项奖金,带薪年假,弹性工作,管理规范",python开发（内容审核）,15k-30k,移动互联网/不需要融资,本科/1-3年
上海,上海宏路数据技术股份有限公司,"绩效奖金,五险一金,带薪年假,年度旅游",Python开发工程师,7k-14k,移动互联网/上市公司,不限/不限
上海,全美在线（北京）教育科技股份有限公司,"定期体检,午餐补助,带薪年假,六险一金",python开发工程师,7k-10k,"教育,移动互联网/上市公司",本科/1年以下
上海,上海医时信息科技有限公司,"专项奖金,年底双薪,美女多,帅哥多",Python,8k-15k,"移动互联网,医疗健康/A轮",不限/1年以下
上海,阿基米德（上海）传媒有限公司,"年底双薪,带薪年假,绩效奖金,扁平管理",Python软件开发工程师,15k-22k,"移动互联网,电子商务/B轮",本科/1-3年
上海,行吟信息科技（上海）有限公司,"年度旅游,节日礼物,专项奖金,带薪年假",Python开发工程师,20k-40k,"生活服务,电子商务/C轮",本科/1-3年
上海,北京融康惠众健康管理有限公司,"""""",Python工程师,8k-15k,医疗健康/未融资,不限/1-3年
上海,深圳市雁联计算系统有限公司,"节日礼物,技能培训,带薪年假,绩效奖金",Python开发工程师,10k-17k,金融/不需要融资,本科/1-3年
上海,上海云深网络技术有限公司,"技能培训,节日礼物,扁平管理,五险一金",Python开发工程师,7k-14k,"移动互联网,硬件/A轮",本科/1-3年
上海,上海基分文化传播有限公司,"专项奖金,带薪年假,弹性工作,管理规范",python开发（内容审核）,15k-30k,移动互联网/不需要融资,本科/1-3年
上海,拉扎斯网络科技（上海）有限公司,"节日礼物,绩效奖金,年度旅游,岗位晋升",Python开发工程师,13k-26k,移动互联网/D轮及以上,本科/1-3年
上海,上海天泰网络技术有限公司,"技能培训,节日礼物,专项奖金,带薪年假",Python软件工程师,10k-15k,信息安全/未融资,本科/1-3年
上海,上海医时信息科技有限公司,"专项奖金,年底双薪,美女多,帅哥多",Python高级工程师,15k-30k,"移动互联网,医疗健康/A轮",不限/1-3年
上海,上海润客投资控股有限公司,"节日礼物,带薪年假,绩效奖金,扁平管理",Python数据开发工程师,7k-14k,"移动互联网,金融/A轮",本科/不限
上海,弘则弥道（上海）投资咨询有限公司,"节日礼物,股票期权,带薪年假,年度旅游",Python开发工程师,10k-20k,"移动互联网,金融/未融资",硕士/1-3年
上海,上海叮诺科技有限公司,"带薪年假,弹性工作,扁平管理,节日礼物",Python工程师,10K-20K,移动互联网/天使轮,本科/1-3年
上海,千言信息技术（上海）有限公司,"股票期权,20天年假,高端医疗保险,学习基金计划",Python工程师,10k-20k,"电子商务,教育/A轮",本科/1-3年
上海,上海烨云信息科技有限公司,"绩效奖金,带薪年假,领导好,管理规范",高级Python软件开发工程师,10k-20k,企业服务、移动互联网/未融资,本科/3-5年
上海,八维宏烨(上海)信息科技有限公司,,python讲师,20k-30k,"移动互联网,教育/不需要融资",本科/3-5年
上海,上海合阔信息技术有限公司,"年底双薪,带薪年假,定期体检,老板nice",python开发工程师（SAAS云平台研发）,12k-24k,"企业服务,移动互联网/A轮",不限/1-3年
上海,再惠（上海）网络科技有限公司,"午餐晚餐补助,领导亲和逗逼,丰厚股票期权,年底2-5薪",后端（Python）开发工程师,16k-32k,"移动互联网,企业服务/B轮",本科/1-3年
上海,上海海同优才教育培训有限责任公司,,Python教员/讲师,10k-20k,"其他,教育/B轮",本科/3-5年
上海,互道信息技术（上海）有限公司,"节日礼物,技能培训,年底双薪,绩效奖金",架构师(Python技术架构),20k-40k,"移动互联网,电子商务/B轮",本科/5-10年
上海,上海司睿杰建筑科技有限公司,"专项奖金,交通补助,午餐补助,通讯津贴",python工程师,10k-20k,"移动互联网,企业服务/不需要融资",不限/不限
上海,拉扎斯网络科技（上海）有限公司,"节日礼物,绩效奖金,年度旅游,岗位晋升",Python工程师,15k-25k,移动互联网/D轮及以上,本科/1-3年
上海,上海东周信息科技有限公司,,Python开发工程师,7k-14k,"移动互联网,企业服务/未融资",大专/1-3年
上海,上海茗日智能科技有限公司,"人工智能,影响行业,技能培训,岗位晋升",Python后端工程师,12k-20k,企业服务/天使轮,本科/1-3年
上海,上海叠念信息科技有限公司,"创业公司,高科技企业",Python开发工程师,7k-12k,"游戏,移动互联网/天使轮",大专/1-3年
上海,北京爱奇艺科技有限公司,"绩效奖金,五险一金,交通补助,带薪年假",Python高级开发工程师,20k-30k,"广告营销,文化娱乐/D轮及以上",本科/3-5年
上海,北京知藏云道科技有限公司,"带薪年假,弹性工作,扁平管理,领导好",Python算法高级工程师,22k-30k,移动互联网/A轮,本科/3-5年
上海,上海磐途网络科技有限公司,"带薪年假,五险一金,岗位晋升,弹性工作",JAVA/PHP/PYTHON开发工程师,10k-15k,"移动互联网,O2O/A轮",本科/3-5年
上海,上海彩池资产管理有限公司,,Python开发工程师,12k-20k,金融/不需要融资,本科/3-5年
上海,上海喵卡信息技术有限公司,"""""",Python开发工程师,10k-20k,移动互联网 文化娱乐/天使轮,不限/1-3年
上海,上海数禾信息科技有限公司,"股票期权,通讯津贴,交通补助,午餐补助",Python 高级开发工程师,15k-30k,"移动互联网,金融/不需要融资",本科/3-5年
上海,上海量讯电子商务有限公司,"技能培训,专项奖金,带薪年假,绩效奖金",Python软件开发工程师,7k-13k,"移动互联网,企业服务/未融资",本科/1-3年
上海,上海悦米信息技术有限公司,,Python开发工程师,8k-15k,"移动互联网,医疗健康/未融资",本科/1-3年
上海,上海企企网络科技有限公司,,Python工程师,10k-20k,移动互联网/天使轮,大专/1-3年
上海,上海担路网络科技有限公司,"年终分红,交通补助,定期体检,绩效奖金",Python工程师-SEO经验者优先,6k-12k,"移动互联网,企业服务/未融资",本科/不限
上海,上海祺玖电子商务有限公司,"""""",python后台开发工程师,18k-35k,"移动互联网,O2O/不需要融资",本科/3-5年
上海,拉扎斯网络科技（上海）有限公司,"节日礼物,绩效奖金,年度旅游,岗位晋升",高级 Python 开发工程师 （服务框架开发）,15k-25k,移动互联网/D轮及以上,本科/3-5年
上海,上海朴直信息科技有限公司,"技能培训,带薪年假,绩效奖金,扁平管理",Python初级工程师,5k-10k,"移动互联网,企业服务/未融资",本科/1-3年
上海,上海寻梦信息技术有限公司,"股票期权,专项奖金,弹性工作,扁平管理",高级Python开发工程师,20k-40k,"电子商务,移动互联网/C轮",本科/1-3年
上海,上海叮诺科技有限公司,"带薪年假,弹性工作,扁平管理,节日礼物",Python数据开发工程师,10k-20k,移动互联网/天使轮,本科/1-3年
上海,上海中畅信息科技有限公司,"技能培训,年度旅游,岗位晋升,管理规范",Python工程师（互联网金融云平台开发）,10k-20k,"金融 ,数据服务/未融资",本科/3-5年
上海,上海奉贤区八维宏烨培训学校,"""""",Python讲师,18K-30K,"教育,其他/未融资",本科/3-5年
上海,中基宁波集团股份有限公司,"绩效奖金,定期体检,年度旅游,扁平管理",Python策略专员,15k-25k,金融/不需要融资,本科/不限
上海,易安信信息技术研发（上海）有限公司,,Ruby/Java/Python资深软件开发工程师,25k-35k,"数据服务,企业服务/上市公司",本科/5-10年
上海,北京爱奇艺科技有限公司,"绩效奖金,五险一金,交通补助,带薪年假",Python高级开发工程师,15k-30k,"广告营销,文化娱乐/D轮及以上",本科/不限
上海,上海秦苍信息科技有限公司,"美式企业文化,节日礼物,股票期权,岗位晋升",python 开发工程师（机器学习系统）,15k-25k,移动互联网、金融/C轮,本科/1-3年
上海,携程计算机技术（上海）有限公司,"绩效奖金,股票期权,五险一金,交通补助",网站运营高级/资深Python及前端工程师,15k-25k,"移动互联网,旅游/上市公司",本科/3-5年
上海,琢品网络科技（上海）有限公司,"交通补助,带薪年假,弹性工作,扁平管理",资深后端技术指导Python/Java,25k-33k,移动互联网/未融资,本科/5-10年
上海,上海凭安征信服务有限公司,"巨头投资,股票期权,千亿蓝海,有钱途",Python爬虫开发工程师,10k-18k,金融/A轮,本科/1-3年
上海,上海展卷信息科技有限公司,"带薪年假,扁平管理,领导好,弹性工作",高级Python软件工程师（服务端）,12k-24k,"移动互联网,金融/A轮",本科/3-5年
上海,阿基米德（上海）传媒有限公司,"年底双薪,带薪年假,绩效奖金,扁平管理",python高级大数据开发工程师,15k-30k,"移动互联网,电子商务/B轮",本科/3-5年
上海,拉扎斯网络科技（上海）有限公司,"节日礼物,绩效奖金,年度旅游,岗位晋升",Python高级开发工程师,15k-30k,移动互联网/D轮及以上,本科/3-5年
上海,善林（上海）金融信息服务有限公司,"带薪年假,绩效奖金,岗位晋升,帅哥多",量化开发工程师-Python（区块链）,15k-25k,金融/不需要融资,大专/3-5年
上海,广州森迪信息科技有限公司,"""""",Python开发助理,3k-5k,"移动互联网,电子商务/上市公司",大专/1年以下
上海,糖小护健康科技（上海）有限公司,"节日礼物,带薪年假,管理规范,领导好",资深Python后端开发/架构师,20k-35k,"移动互联网,医疗健康/不需要融资",本科/5-10年
上海,上海远澜信息技术有限公司,"""""",python、C++、Mysql、工程师,15k-30k,金融/不需要融资,本科/1-3年
上海,上海戎磐网络科技有限公司,"带薪年假,定期体检,节日礼物,五险一金",Python爬虫,8k-12k,信息安全、移动互联网/天使轮,本科/1-3年
上海,上海进记网络科技有限公司,,Python 实习生,4k-8k,"电子商务,移动互联网/未融资",本科/1年以下
上海,上海耕子教育科技有限公司,"年底双薪,股票期权,带薪年假,专项奖金",课程老师（python语言）,8k-12k,教育/天使轮,本科/1-3年
上海,上海聚力传媒技术有限公司,"技能培训,绩效奖金,岗位晋升,扁平管理",Python研发工程师(爬虫方向),16k-22k,文化娱乐/D轮及以上,本科/3-5年
上海,北京云英传奇技术有限公司,"绩效奖金,定期体检,带薪年假,弹性工作",高级Python工程师（搜索推荐）,23k-45k,"移动互联网,数据服务/A轮",本科/3-5年
上海,威廉欧奈尔信息科技（上海）有限公司,,Python 后端开发工程师,8k-15k,"移动互联网,金融/未融资",本科/1-3年
上海,乐荐信息科技（北京）有限公司,"年底双薪,带薪年假,定期体检,年度旅游",Python web开发工程师,15k-20k,"移动互联网,企业服务/不需要融资",大专/1-3年
上海,驰勤信息科技（上海）有限责任公司,"""""",Python测试工程师,8k-11k,"移动互联网,电子商务/未融资",本科/1-3年
上海,通联数据股份公司,"五险一金,通讯津贴,带薪年假,节日礼物",软件开发工程师（Python/C++）,18k-36k,金融/不需要融资,本科/3-5年
上海,上海游达网络科技有限公司,,python爬虫工程师,10k-13k,"移动互联网,游戏/未融资",本科/3-5年
上海,拉扎斯网络科技（上海）有限公司,"节日礼物,绩效奖金,年度旅游,岗位晋升",资深Python工程师,18k-25k,移动互联网/D轮及以上,本科/3-5年
上海,前信（上海）科技有限公司,,自然语言处理工程师（python）,20k-40k,O2O/不需要融资,硕士/1-3年
上海,上海勃池信息技术有限公司,"股票期权,扁平管理,岗位晋升,五险一金",Python爬虫工程师,15k-30k,"金融,数据服务/天使轮",本科/3-5年
上海,上海彼脉网络信息科技有限公司,"""""",区块链 python 后台工程师,15k-30k,"数据服务,硬件/不需要融资",本科/1-3年
上海,观相科技（上海）有限公司,"技能培训,年底双薪,股票期权,带薪年假",Python爬虫开发工程师,8k-15k,企业服务/不需要融资,本科/1-3年
上海,上海哈希信息科技有限公司,"定期体检,弹性工作,扁平管理,美女多",Python(爬虫）开发工程师,10k-15k,移动互联网/天使轮,不限/1-3年
上海,上海清鹤科技股份有限公司,"专项奖金,绩效奖金,股票期权,午餐补助",云平台研发（C++，Python，JAVA ),15k-20k,移动互联网/上市公司,本科/3-5年
上海,翔傲信息科技（上海）有限公司,"业内领军企业,高价值项目,节日礼物,技术大牛同事",高级爬虫工程师Python（电商、媒体）,18k-25k,"移动互联网,企业服务/不需要融资",本科/5-10年
上海,上海摩林网络科技有限公司,"环境高逼格,带薪年假,老外多,岗位晋升",后端工程师 ( Ruby / Python ),12k-18k,"企业服务,生活服务/A轮",大专/1-3年
上海,康伟实软件（上海）有限公司,"年度旅游,岗位晋升,五险一金,弹性工作",软件开发工程师（Java/Python/CC++）,13k-25k,电子商务/上市公司,本科/1-3年
上海,上海证大喜马拉雅网络科技有限公司,"年底双薪,股票期权,带薪年假,绩效奖金",Java／Python高级开发职责描述（爬虫方向）,15k-28k,"移动互联网,文化娱乐/D轮及以上",本科/3-5年
上海,上海臻战电子科技有限公司,"带薪年假,绩效奖金,定期体检,弹性工作",UI程序员（Python/C++）,15k-20k,"移动互联网,游戏/不需要融资",大专/3-5年
上海,上海别样秀数据科技有限公司,"节日礼物,帅哥多,美女多,领导好",Python爬虫工程师(Selenium方向),10k-20k,"移动互联网,电子商务/B轮",本科/不限
上海,我查查信息技术（上海）有限公司,"技能培训,年底双薪,绩效奖金,岗位晋升",iOS工程师（会PHP或Python优先）,15k-25k,移动互联网/不需要融资,本科/1-3年
上海,上海优刻得信息科技有限公司,"节日礼物,技能培训,股权激励计划,代码改变世界",UMCloud-Python后端工程师,10k-20k,"数据服务,企业服务/D轮及以上",本科/1-3年
上海,拉扎斯网络科技（上海）有限公司,"节日礼物,绩效奖金,年度旅游,岗位晋升",Python开发工程师（全栈）,15k-25k,移动互联网/D轮及以上,不限/1-3年
address,company,des,job,money,qua,req
北京,北京三快在线科技有限公司,"技能培训,绩效奖金,岗位晋升,领导好",服务端高级开发工程师Golang/Python,35k-45k,"移动互联网,O2O/D轮及以上",本科/3-5年
北京,北京旷视科技有限公司,"科技大牛公司,自助三餐,年终多薪,超长带薪假期",高级Python开发工程师,25k-50k,"移动互联网,硬件/C轮",本科/3-5年
深圳,北京市商汤科技开发有限公司,"五险一金,弹性工作,丰盛三餐,发展空间大",Python开发工程师,15k-30k,移动互联网/B轮,本科/3-5年
上海,上海拍拍贷金融信息服务有限公司,"绩效奖金,五险一金,带薪年假,午餐补助",python工程师,12k-24k,金融/上市公司,本科/3-5年
杭州,武汉佰钧成技术有限责任公司,"带薪年假,计算机软件,管理规范,定期体检",Python工程师,10k-18k,移动互联网/不需要融资,大专/1-3年
北京,北京摩尔妈咪网络科技有限公司,"年底双薪,股票期权,定期体检,带薪年假",Python开发工程师,20k-40k,移动互联网/A轮,本科/1-3年
上海,上海墨沐金融信息服务有限公司,"不差钱,经纬中国,核心竞争力,弹性工作",python 开发工程师,10k-20k,"移动互联网,金融/A轮",本科/1-3年
北京,北京优虎商务服务有限公司,"绩效奖金,年底双薪,带薪年假,定期体检",python开发工程师,20k-40k,"移动互联网,金融/B轮",本科/1-3年
杭州,杭州健培科技有限公司,"技能培训,带薪年假,岗位晋升,年度旅游",Python软件开发,10k-15k,"移动互联网,医疗健康/不需要融资",本科/1-3年
杭州,杭州嘉云数据科技有限公司,"海量大数据,世界级产品,AI,智能供应链",Python 开发工程师,15k-20k,"电子商务,移动互联网/C轮",本科/1-3年
广州,广州财略金融信息科技有限公司,"股票期权,专项奖金,带薪年假,绩效奖金",Python开发工程师,10k-16k,金融/A轮,大专/1-3年
北京,北京慕华信息科技有限公司,"节日礼物,股票期权,带薪年假,氛围轻松",Python开发工程师,20k-30k,"移动互联网,教育/B轮",本科/3-5年
宁波,宁波清车电气有限公司,"技能培训,年底双薪,带薪年假,岗位晋升",Python软件工程师,6k-8k,电子商务/未融资,大专/1-3年
东莞,深圳市泽林信息咨询有限公司,"节日礼物,技能培训,绩效奖金,年度旅游",python开发工程师(东莞),5k-8k,教育/不需要融资,大专/1-3年
深圳,深圳市微课科技有限公司,"美女多,弹性工作,扁平管理,年底双薪",Python工程师,10k-15k,"移动互联网,教育/A轮",本科/1年以下
北京,北京旷视科技有限公司,"科技大牛公司,自助三餐,年终多薪,超长带薪假期",Python工程师,20k-40k,"移动互联网,硬件/C轮",本科/1-3年
北京,北京摩尔妈咪网络科技有限公司,"年底双薪,股票期权,定期体检,带薪年假",Python开发工程师,30k-50k,移动互联网/A轮,本科/3-5年
上海,上海墨沐金融信息服务有限公司,"不差钱,经纬中国,核心竞争力,弹性工作",资深python开发工程师,25k-35k,"移动互联网,金融/A轮",本科/3-5年
上海,上海中软华腾软件系统有限公司,"年底双薪,绩效奖金,带薪年假,定期体检",python工程师,12k-20k,"企业服务,金融/上市公司",本科/3-5年
郑州,青松智慧（北京）科技有限公司,"股票期权,带薪年假,年度旅游,扁平管理",Python开发工程师,8k-10k,"移动互联网,企业服务/B轮",本科/3-5年
杭州,杭州牛盾网络技术有限公司,"绩效奖金,带薪年假,弹性工作,扁平管理",Python开发工程师,8k-16k,"信息安全,移动互联网/不需要融资",大专/1-3年
北京,合肥道宇电器贸易有限公司,"年底三薪,股票期权,绩效奖金,带薪年假",Python工程师,25k-50k,"移动互联网,电子商务/A轮",不限/不限
广州,广州棒谷科技股份有限公司,"项目奖金,绩效奖金,年终奖,五险一金",Python开发工程师,10k-20k,电子商务/不需要融资,本科/1-3年
北京,北京春雨天下软件有限公司,"绩效奖金,五险一金,带薪年假,定期体检",Python,20k-40k,移动互联网/C轮,本科/3-5年
北京,北京一人一亩田网络科技有限公司,"节日礼物,年底双薪,专项奖金,股票期权",python开发工程师,20k-36k,"移动互联网,电子商务/C轮",本科/3-5年
北京,北京磁力信科技有限公司,"带薪年假,成长基金,定期体检,午餐补助",Python 开发工程师,14k-28k,"教育,移动互联网/不需要融资",不限/3-5年
北京,北京嘉楠捷思信息技术有限公司,"带薪年假,定期体检,领导nice,八险一金",python开发工程师,15k-20k,硬件/A轮,本科/3-5年
西安,北京神州绿盟信息安全科技股份有限公司,"技能培训,节日礼物,股票期权,带薪年假",python开发工程师,9k-15k,信息安全/上市公司,本科/1-3年
北京,况客科技(北京)有限公司,"定期体检,午餐补助,带薪年假,绩效奖金",Python 工程师,15k-30k,金融/A轮,本科/1-3年
北京,深圳市金证科技股份有限公司,"激情的团队,股票期权,努力变大牛,有舞台给您跳",Python 开发工程师,15k-17k,金融/上市公司,本科/3-5年
北京,北京旷视科技有限公司,"科技大牛公司,自助三餐,年终多薪,超长带薪假期",python工程师,15k-30k,"移动互联网,硬件/C轮",本科/3-5年
北京,北京江山如画网路科技有限责任公司,"专项奖金,股票期权,绩效奖金,岗位晋升",python开发工程师,8k-16k,"移动互联网,社交网络/天使轮",本科/1-3年
深圳,深圳佑驾创新科技有限公司,"无人驾驶,国际标准,车厂合作,海归团队",python工程师,15k-30k,"硬件,其他/A轮",本科/1-3年
北京,北京数美时代科技有限公司,"年底双薪,大数据,带薪年假,通讯津贴",python研发工程师,15k-30k,"企业服务,数据服务/B轮",硕士/1年以下
上海,上海合合信息科技发展有限公司,"团队建设,技能培训,节日礼物,年底分红",python开发工程师,11k-22k,移动互联网/C轮,本科/1-3年
北京,北京搜狗科技发展有限公司,"岗位晋升,扁平管理,管理规范,精英团队",技术工程部-python开发工程师,20k-40k,"移动互联网,数据服务/C轮",本科/3-5年
上海,无锡华云数据技术服务有限公司,"节日礼物,带薪年假,扁平管理,弹性工作",Python开发工程师,18k-28k,"移动互联网,数据服务/D轮及以上",本科/3-5年
杭州,武汉佰钧成技术有限责任公司,"带薪年假,计算机软件,管理规范,定期体检",python开发,10k-20k,移动互联网/不需要融资,大专/3-5年
西安,西安逆袭网络科技有限公司,"扁平化管理,弹性工作制,健身福利,设备补助",Python开发工程师,10k-20k,"移动互联网,社交网络/A轮",本科/3-5年
杭州,浙江天垂科技有限公司,"全新MAC,24+显示器,硅谷工作机会,股票期权",Python工程师,15k-30k,"数据服务,企业服务/天使轮",本科/3-5年
上海,上海海万信息科技股份有限公司,,python,8k-15k,"移动互联网,金融/不需要融资",本科/3-5年
上海,上海道客网络科技有限公司,"工程师文化,业界大牛,改变世界,豪华团队",Python开发工程师,20k-40k,"企业服务,数据服务/A轮",本科/3-5年
苏州,上海众言网络科技有限公司,"技能培训,节日礼物,年底双薪,绩效奖金",Python,6k-12k,移动互联网/B轮,本科/1-3年
上海,上海进馨网络科技有限公司,"股票期权,岗位晋升,扁平管理,五险一金",Python开发工程师,15k-25k,"移动互联网,教育/B轮",本科/3-5年
深圳,信必优(深圳)信息技术有限公司,"节日礼物,年底双薪,带薪年假,年度旅游",Python,12k-15k,"移动互联网,电子商务/未融资",本科/3-5年
北京,北京旷视科技有限公司,"科技大牛公司,自助三餐,年终多薪,超长带薪假期",Python 高级开发工程师,20k-40k,"移动互联网,硬件/C轮",本科/3-5年
北京,北京群星闪耀科技有限公司,"午餐补助,弹性工作,扁平管理,五险一金",Python工程师,15k-25k,移动互联网/不需要融资,本科/3-5年
北京,北京慕华信息科技有限公司,"节日礼物,股票期权,带薪年假,氛围轻松",系统开发工程师（Python）,20k-30k,"移动互联网,教育/B轮",本科/5-10年
杭州,杭州群核信息技术有限公司,"两次加薪,弹性工作,期权丰厚,两次晋升",Python研发工程师,15k-23k,移动互联网/D轮及以上,本科/1-3年
北京,北京字节跳动科技有限公司,"扁平管理,弹性工作,大厨定制三餐,就近租房补贴",Python开发工程师,20k-35k,"移动互联网,数据服务/C轮",本科/1-3年
深圳,青石经济信息咨询（深圳）有限公司,"风口项目,互联网金融,海外综合券商,市场蓝海",Python开发工程师,10k-20k,"移动互联网,金融/不需要融资",本科/1-3年
深圳,深圳市有鱼智能科技有限公司,"节日礼物,股票期权,带薪年假,绩效奖金",Python开发工程师,10k-20k,"移动互联网,金融/上市公司",本科/1-3年
上海,平安科技（深圳）有限公司,"节日礼物,年度旅游,岗位晋升,技能培训",Python开发工程师（上海）,15k-30k,金融/不需要融资,本科/不限
北京,北京思源置地投资有限公司,"股票期权,带薪年假,绩效奖金,岗位晋升",python,20k-30k,"移动互联网,社交网络/不需要融资",本科/5-10年
苏州,苏州锦佰安信息技术有限公司,"股票期权,弹性工作,带薪年假,绩效奖金",Python开发工程师,12k-24k,信息安全/天使轮,本科/3-5年
杭州,杭州沃趣科技股份有限公司,"股票期权,带薪年假,绩效奖金,年度旅游",Python开发工程师,11k-22k,"企业服务,数据服务/上市公司",本科/3-5年
上海,北京来也网络科技有限公司,"绩效奖金,扁平管理,领导好,五险一金",Python开发工程师(193),15k-30k,移动互联网/B轮,不限/不限
北京,金色家园网络科技有限公司,"节日礼物,带薪年假,绩效奖金,管理规范",python工程师,15k-25k,O2O/不需要融资,本科/3-5年
北京,杭州云脑科技有限公司,"年底双薪,股票期权,扁平管理,人工智能",Python工程师,10k-20k,"企业服务,数据服务/A轮",本科/1-3年
贵阳,贵州电子商务云运营有限责任公司,"交通补助,带薪年假,绩效奖金,通讯津贴",python工程师,10k-15k,"电子商务,数据服务/未融资",不限/不限
北京,北京来也网络科技有限公司,"绩效奖金,扁平管理,领导好,五险一金",Python开发工程师,15k-30k,移动互联网/B轮,本科/1-3年
北京,会找房（北京）网络技术有限公司,"节日礼物,股票期权,带薪年假,年度旅游",python开发工程师,15k-30k,移动互联网、金融/C轮,本科/3-5年
深圳,信必优(深圳)信息技术有限公司,"节日礼物,年底双薪,带薪年假,年度旅游",Python工程师,15k-20k,"移动互联网,电子商务/未融资",不限/1-3年
北京,掌阅科技股份有限公司,"专项奖金,带薪年假,年度旅游,扁平管理",高级Python研发工程师,25k-35k,移动互联网/上市公司,本科/3-5年
北京,北京江山如画网路科技有限责任公司,"专项奖金,股票期权,绩效奖金,岗位晋升",Python研发工程师,5k-10k,"移动互联网,社交网络/天使轮",本科/1-3年
成都,杭州顺网科技股份有限公司,"技能培训,节日礼物,年度旅游,岗位晋升",Python开发工程师,10k-20k,"游戏,文化娱乐/上市公司",本科/3-5年
苏州,上海众言网络科技有限公司,"技能培训,节日礼物,年底双薪,绩效奖金",Python工程师,15k-25k,移动互联网/B轮,本科/应届毕业生
北京,北京猎户星空科技有限公司,"年度旅游,弹性工作,领导好,五险一金",Python开发工程师,18k-35k,"移动互联网,硬件/A轮",本科/3-5年
北京,北京汇行科技有限公司,"股票期权,十四薪,零食饮料水果,团队氛围好",Python研发工程师,8k-16k,旅游/B轮,本科/1-3年
深圳,上海航仕企业管理有限公司,"年底双薪,午餐补助,专项奖金,绩效奖金",Python开发,20k-35k,"移动互联网,O2O/C轮",本科/3-5年
武汉,武汉北蚁网络科技有限公司,"年底双薪,绩效奖金,休闲餐点,五险一金",python工程师,8k-10k,"电子商务,移动互联网/不需要融资",大专/3-5年
深圳,深圳花果山科技有限公司,"年底双薪,团队建设,节日礼物,员工每月分红",Python,5k-8k,电子商务/B轮,本科/1-3年
成都,四川海德智和科技有限公司,"绩效奖金,年终分红,带薪年假,午餐补助",Python开发工程师,15K-20K,移动互联网/不需要融资,本科/5-10年
北京,广州摩翼信息科技有限公司,"节日礼物,在线教育,岗位晋升,五险一金",python研发工程师,13k-25k,"移动互联网 ,教育/不需要融资",本科/1-3年
北京,北京好巧国际旅行社有限公司,"五险一金,弹性工作,扁平管理,百万医疗",Python研发工程师,25k-35k,数据服务/B轮,大专/3-5年
北京,凡普金科集团有限公司,"年底双薪,节日礼物,技能培训,带薪年假",Python工程师,25k-35k,金融/不需要融资,本科/3-5年
北京,北京朗势科技有限公司,"股票期权,五险一金,带薪年假,节日礼物",高级Python工程师,25k-35k,"移动互联网,社交网络/B轮",本科/3-5年
成都,成都市肆零肆网络科技有限公司,"弹性工作,帅哥多,节日礼物,管理规范",Python开发,10k-15k,"信息安全,数据服务/未融资",本科/1-3年
北京,北京摩尔妈咪网络科技有限公司,"年底双薪,股票期权,定期体检,带薪年假",Python工程师,15k-30k,移动互联网/A轮,本科/1-3年
上海,蜜柚网络科技（上海）有限公司,"技能培训,节日礼物,股票期权,带薪年假",高级Python开发工程师,25k-50k,"社交网络,文化娱乐/不需要融资",本科/3-5年
深圳,深圳市一面网络技术有限公司,"技能培训,海归精英团队,Geek分享,绩效奖金",Python工程师,10k-20k,"移动互联网,数据服务/A轮",本科/不限
厦门,厦门点触科技股份有限公司,"技能培训,节日礼物,带薪年假,绩效奖金",Python程序员,10k-20k,"移动互联网,游戏/上市公司",本科/3-5年
上海,上海众言网络科技有限公司,"技能培训,节日礼物,年底双薪,绩效奖金",Python开发师,12k-24k,移动互联网/B轮,本科/3-5年
郑州,郑州创恒实业有限公司,"年底双薪,节日礼物,技能培训,绩效奖金",Python开发工程师,5k-10k,移动互联网/未融资,大专/1-3年
西安,北京神州绿盟信息安全科技股份有限公司,"技能培训,节日礼物,股票期权,带薪年假",python开发工程师,8k-10k,信息安全/上市公司,本科/3-5年
北京,北京优康达科技有限公司,"节日礼物,股票期权,带薪年假,绩效奖金",Python,15k-25k,"医疗健康,移动互联网/天使轮",本科/3-5年
上海,北京来也网络科技有限公司,"绩效奖金,扁平管理,领导好,五险一金",Python开发工程师,15k-30k,移动互联网/B轮,本科/1-3年
上海,上海米闲企业管理合伙企业(有限合伙),,Python工程师,10k-20k,"移动互联网,企业服务/不需要融资",本科/1-3年
北京,北京开拓天际科技有限公司,"年底双薪,股票期权,年终分红,节日礼物",Python工程师,15k-23k,"数据服务,信息安全/A轮",本科/3-5年
深圳,深圳市紫川软件有限公司,"节日礼物,年底双薪,绩效奖金,岗位晋升",python工程师,8k-14k,"电子商务,金融/不需要融资",本科/1-3年
上海,深圳市紫川软件有限公司,"节日礼物,年底双薪,绩效奖金,岗位晋升",python开发工程师,12k-19k,"电子商务,金融/不需要融资",大专/3-5年
北京,北京爱咔咔信息技术有限公司,"年底双薪,技术控,股票期权,带薪年假",Python工程师,15k-30k,"移动互联网,O2O/A轮",本科/3-5年
北京,北京慕华信息科技有限公司,"节日礼物,股票期权,带薪年假,氛围轻松",Python开发工程师,15k-25k,"移动互联网,教育/B轮",本科/3-5年
成都,昆明俊云科技有限公司,"技能培训,股票期权,绩效奖金,岗位晋升",Python开发工程师,10k-15k,"移动互联网,硬件/不需要融资",本科/1-3年
北京,北京奥鹏远程教育中心有限公司,"节日礼物,技能培训,节日礼品卡,月度团建",django+saltstack+python/讲,15k-25k,"移动互联网,教育/不需要融资",不限/3-5年
杭州,杭州健培科技有限公司,"技能培训,带薪年假,岗位晋升,年度旅游",python开发工程师,6k-10k,"移动互联网,医疗健康/不需要融资",不限/1-3年
深圳,深圳市杉岩数据技术有限公司,"股票期权,扁平管理,领导好,五险一金",Python开发工程师,10k-16k,"企业服务,数据服务/A轮",本科/1-3年
深圳,深圳柚子街科技有限公司,"股票期权,带薪年假,年度旅游,扁平管理",Python工程师,8k-12k,"移动互联网,O2O/A轮",大专/1-3年
北京,北京智分科技有限公司,"年底双薪,免费两餐,Geek范,免费健身",高级Python开发工程师,25k-45k,移动互联网/不需要融资,本科/3-5年
北京,北京思维造物信息科技有限公司,"专项奖金,扁平管理,帅哥多,领导好",Python开发工程师,15k-30k,"移动互联网,文化娱乐/B轮",不限/不限
广州,广州楠天网络科技有限公司,,python开发工程师,8k-15k,移动互联网/不需要融资,大专/3-5年
北京,超对称（北京）科技有限公司,"股票期权,带薪年假,弹性工作,五险一金",Python开发工程师,12k-20k,"移动互联网,企业服务/A轮",本科/1-3年
深圳,上海海万信息科技股份有限公司,,Python开发工程师,9k-16k,"移动互联网,金融/不需要融资",大专/1-3年
广州,广州经传多赢投资咨询有限公司,"绩效奖金,年度旅游,扁平管理,技能培训",量化平台研发工程师-python,12k-24k,"移动互联网,金融/不需要融资",本科/3-5年
大连,北京推想科技有限公司,"午餐补助,股票期权,定期体检,弹性工作",python工程师,6k-12k,"医疗健康,数据服务/B轮",大专/1年以下
西安,武汉佰钧成技术有限责任公司,"带薪年假,计算机软件,管理规范,定期体检",Python,8K-16K,移动互联网/不需要融资,本科/3-5年
广州,广州市丰申网络科技有限公司,"超长春节假期,杠杠滴13薪,健身房不要钱,地铁公交狠近",Python 开发工程师,10k-20k,"移动互联网,电子商务/A轮",本科/3-5年
北京,金色家园网络科技有限公司,"节日礼物,带薪年假,绩效奖金,管理规范",python工程师,15k-25k,O2O/不需要融资,本科/3-5年
北京,北京摩尔妈咪网络科技有限公司,"年底双薪,股票期权,定期体检,带薪年假",高级Python工程师,25k-50k,移动互联网/A轮,本科/3-5年
北京,北京启明合心科技有限公司,"扁平管理,最优秀的伙伴,弹性工作,公司午晚餐",Python开发工程师,20k-35k,"移动互联网,教育/A轮",本科/1-3年
北京,企鹅创新（北京）科技有限公司,,Python工程师,20k-35k,"硬件,移动互联网/天使轮",本科/3-5年
北京,北京旷视科技有限公司,"科技大牛公司,自助三餐,年终多薪,超长带薪假期",高级Python开发工程师,20k-40k,"移动互联网,硬件/C轮",本科/3-5年
无锡,南京网燃网络科技有限公司,,python软件工程师助理/python程序员双休,4k-6k,"移动互联网,游戏/未融资",大专/1年以下
上海,宏居网络技术（上海）有限公司,"带薪年假,岗位晋升,扁平管理,美女多",Python开发／后端软件工程师.,20k-30k,移动互联网/B轮,本科/3-5年
上海,上海晓途网络科技有限公司,"节日礼物,带薪年假,岗位晋升,年度旅游",Python开发工程师,15k-25k,移动互联网/B轮,本科/1-3年
北京,北京博智天下信息技术有限公司,"扁平管理,定期体检,股票期权,团建活动",Python开发工程师,20k-40k,教育/B轮,本科/5-10年
深圳,深圳市盖威科技有限公司,"绩效奖金,五险一金,交通补助,带薪年假",Python开发工程师,14k-20k,金融/不需要融资,本科/3-5年
上海,江苏车置宝信息科技股份有限公司,,python,20K-40K,"电子商务,移动互联网/C轮",本科/3-5年
上海,微额速达(上海)金融信息服务有限公司,"股票期权,带薪年假,绩效奖金,年终分红",Python,10k-20k,"移动互联网,金融/B轮",不限/1-3年
上海,上海庆科信息技术有限公司,"互联网风口,物联网、高新,Wi-Fi,午餐补助",python开发工程师,15k-18k,硬件/B轮,本科/1-3年
北京,金色家园网络科技有限公司,"节日礼物,带薪年假,绩效奖金,管理规范",Python工程师,18k-30k,O2O/不需要融资,本科/3-5年
上海,上海青客公共租赁住房租赁经营管理股份有限公司,"技能培训,年底双薪,专项奖金,股票期权",python工程师,15k-25k,"移动互联网,O2O/C轮",本科/3-5年
北京,北京猎户星空科技有限公司,"年度旅游,弹性工作,领导好,五险一金",python工程师,15k-30k,"移动互联网,硬件/A轮",本科/1-3年
苏州,南京网燃网络科技有限公司,,python软件工程师助理/python程序员+双,4k-6k,"移动互联网,游戏/未融资",大专/不限
广州,广州玖维信息科技有限公司,"年底双薪,专项奖金,年终分红,带薪年假",Python开发工程师,4k-6k,"移动互联网,数据服务/上市公司",大专/1年以下
上海,上海贝涛金融信息服务有限公司,"节日礼物,年底双薪,专项奖金,带薪年假",高级Python研发工程师,15k-30k,金融/A轮,本科/3-5年
北京,北京零用钱科技有限公司,"年终分红,股票期权,五险一金,带薪年假",Python,13k-16k,"移动互联网,广告营销/不需要融资",本科/1-3年
北京,北京曜辉信息科技有限公司,"弹性工作,领导好,扁平管理,快速成长",Python工程师-机器学习方向,20k-35k,"移动互联网,企业服务/未融资",本科/1-3年
长沙,湖南创业工场网络科技有限公司,,python中级开发工程师,6k-10k,"移动互联网,电子商务/A轮",大专/1-3年
上海,上海阿牛信息科技有限公司,"技能培训,节日礼物,岗位晋升,年度旅游",高级Python开发工程师,15k-22k,"金融,移动互联网/B轮",本科/3-5年
北京,北京千锋互联科技有限公司,"节日礼物,专项奖金,股票期权,带薪年假",python,20k-40k,移动互联网/A轮,本科/3-5年
廊坊,智线云科技（北京）有限公司,"绩效奖金,股票期权,带薪年假,弹性工作",Python中级工程师,8k-15k,"移动互联网,数据服务/A轮",本科/1-3年
北京,创新工场（北京）企业管理股份有限公司,"绩效奖金,带薪年假,通讯津贴,年终分红",python开发工程师,15k-30k,移动互联网/未融资,本科/1-3年
厦门,浙江诚泽金开投资管理有限公司,"技能培训,节日礼物,带薪年假,年度旅游",Python程序员,8k-15k,金融/上市公司,本科/3-5年
上海,上海真己化人教育科技有限公司,"技能培训,带薪年假,岗位晋升,帅哥多",Python开发工程师兼高级铲屎官,8k-15k,文化娱乐/不需要融资,本科/1-3年
上海,上海青客公共租赁住房租赁经营管理股份有限公司,"技能培训,年底双薪,专项奖金,股票期权",python工程师,15k-25k,"移动互联网,O2O/C轮",本科/3-5年
北京,北京复华卓越商业管理有限公司,"通讯津贴,午餐补助,美女多,领导好",Python开发工程师,15k-30k,"电子商务,O2O/不需要融资",大专/5-10年
苏州,苏州梦嘉信息技术有限公司,,python工程师,6k-10k,"移动互联网,电子商务/不需要融资",大专/1-3年
北京,北京好巧国际旅行社有限公司,"五险一金,弹性工作,扁平管理,百万医疗",python高级工程师,25k-35k,数据服务/B轮,本科/5-10年
武汉,武汉极意网络科技有限公司,"股票期权,绩效奖金,交通补助,带薪年假",Python（极验验证）,9k-18k,"信息安全,数据服务/B轮",不限/3-5年
北京,北京慕华信息科技有限公司,"节日礼物,股票期权,带薪年假,氛围轻松",Python工程师,15k-25k,"移动互联网,教育/B轮",本科/1-3年
杭州,武汉佰钧成技术有限责任公司,"带薪年假,计算机软件,管理规范,定期体检",Python开发工程师,11K-22K,移动互联网/不需要融资,大专/1-3年
深圳,深圳市金证科技股份有限公司,"激情的团队,股票期权,努力变大牛,有舞台给您跳",Python,9k-16k,金融/上市公司,本科/3-5年
深圳,深圳市明源云客电子商务有限公司,"高额六险一金,年底双薪,绩效奖金,N项经费",高级Python开发工程师,16k-22k,"移动互联网,企业服务/上市公司",本科/3-5年
上海,平安科技（深圳）有限公司,"节日礼物,年度旅游,岗位晋升,技能培训",Python开发工程师（上海）,10k-15k,金融/不需要融资,本科/不限
北京,北京字节跳动科技有限公司,"扁平管理,弹性工作,大厨定制三餐,就近租房补贴",python开发工程师,20k-35k,"移动互联网,数据服务/C轮",本科/1-3年
厦门,厦门视我科技有限公司,"年底双薪,专项奖金,带薪年假,午餐补助",Python工程师,10k-20k,"移动互联网,电子商务/不需要融资",本科/3-5年
上海,上海谷露软件有限公司,"团队融洽,股票期权,扁平管理,帅哥多",Python工程师,15k-25k,"数据服务,招聘/A轮",本科/1-3年
长沙,湖南康通电子股份有限公司,"技能培训,效益奖金,岗位晋升,通讯津贴",Python工程师,7K-14K,移动互联网/未融资,本科/1-3年
北京,北京新意互动广告有限公司,"年终分红,绩效奖金,五险一金,交通补助",高级python开发工程师,15k-30k,广告营销/上市公司,本科/3-5年
武汉,武汉佰钧成技术有限责任公司,"带薪年假,计算机软件,管理规范,定期体检",Python,15k-30k,移动互联网/不需要融资,大专/3-5年
北京,优识云创（北京）科技有限公司,"绩效奖金,股票期权,五险一金,带薪年假",Python开发工程师,15k-25k,移动互联网/B轮,本科/3-5年
上海,上海谷露软件有限公司,"团队融洽,股票期权,扁平管理,帅哥多",Python开发工程师,13k-25k,"数据服务,招聘/A轮",本科/不限
苏州,上海众言网络科技有限公司,"技能培训,节日礼物,年底双薪,绩效奖金",Python开发,15k-25k,移动互联网/B轮,本科/3-5年
深圳,广州云移信息科技有限公司,"股票期权,岗位晋升,扁平管理,领导好",python开发工程师,12k-18k,"移动互联网,O2O/B轮",大专/3-5年
深圳,深圳呗佬智能有限公司,,python开发工程师,15k-30k,移动互联网/A轮,本科/3-5年
北京,北京至信普林科技有限公司,"技能培训,带薪年假,绩效奖金,岗位晋升",Python工程师-金融事业部,10k-20k,数据服务/A轮,本科/1-3年
廊坊,智线云科技（北京）有限公司,"绩效奖金,股票期权,带薪年假,弹性工作",Python中级工程师,8k-10k,"移动互联网,数据服务/A轮",本科/1-3年
上海,无锡华云数据技术服务有限公司,"节日礼物,带薪年假,扁平管理,弹性工作",32-高级Python开发工程师,15k-25k,"移动互联网,数据服务/D轮及以上",大专/1-3年
北京,掌阅科技股份有限公司,"专项奖金,带薪年假,年度旅游,扁平管理",Python研发工程师（中高级）,15k-25k,移动互联网/上市公司,本科/3-5年
成都,深圳市博雅成信金融服务有限公司,"午餐补助,岗位晋升,五险一金,通讯津贴",Python开发工程师,8k-15k,金融/不需要融资,本科/1-3年
杭州,浙江钱粒科技有限公司,"餐补,弹性工作,扁平管理,绩效奖金",资深Python工程师,15k-25k,移动互联网/A轮,本科/3-5年
上海,上海幻电信息科技有限公司,"带薪年假,绩效奖金,交通补助,午餐补助",Python开发工程师,15k-30k,"移动互联网,文化娱乐/上市公司",本科/1-3年
上海,上海真己化人教育科技有限公司,"技能培训,带薪年假,岗位晋升,帅哥多",Python高级开发工程师,8k-15k,文化娱乐/不需要融资,本科/1-3年
北京,医渡云（北京）技术有限公司,"节日礼物,年底双薪,股票期权,带薪年假",Python开发工程师,18K-35K,"O2O,医疗健康/B轮",大专/3-5年
上海,上海众言网络科技有限公司,"技能培训,节日礼物,年底双薪,绩效奖金",Python开发,12k-24k,移动互联网/B轮,本科/3-5年
北京,北京旷视科技有限公司,"科技大牛公司,自助三餐,年终多薪,超长带薪假期",python高级后端工程师,25k-50k,"移动互联网,硬件/C轮",本科/5-10年
北京,智线云科技（北京）有限公司,"绩效奖金,股票期权,带薪年假,弹性工作",Python中级工程师,15k-24k,"移动互联网,数据服务/A轮",本科/3-5年
北京,在线途游（北京）科技有限公司,"股票期权,专项奖金,五险一金,带薪年假",python开发工程师,15k-25k,"移动互联网,游戏/B轮",本科/3-5年
上海,上海华瑞银行股份有限公司,"绩效奖金,扁平管理,领导好,美女多",Python开发工程师,20k-40k,金融/不需要融资,本科/3-5年
杭州,中科视拓（北京）科技有限公司,"交通补助,午餐补助,扁平管理,弹性工作",Python工程师,8k-16k,企业服务/A轮,本科/1-3年
杭州,浙江星汉信息技术股份有限公司,"绩效奖金,股票期权,带薪年假,定期体检",python开发工程师,6k-12k,"数据服务,硬件/不需要融资",大专/1-3年
广州,广州稻禾信息科技有限公司,"弹性工作,领导好,技能培训,五险一金",Python开发工程师,8k-15k,"企业服务,移动互联网/不需要融资",大专/1-3年
北京,北京思维造物信息科技有限公司,"专项奖金,扁平管理,帅哥多,领导好",Python开发,15k-30k,"移动互联网,文化娱乐/B轮",本科/1-3年
杭州,杭州嘉云数据科技有限公司,"海量大数据,世界级产品,AI,智能供应链",高级/资深 python开发工程师,20k-30k,"电子商务,移动互联网/C轮",本科/3-5年
北京,北京好巧国际旅行社有限公司,"五险一金,弹性工作,扁平管理,百万医疗",python工程师,15k-20k,数据服务/B轮,本科/3-5年
上海,上海戎磐网络科技有限公司,"带薪年假,定期体检,节日礼物,五险一金",Python开发（环境好，氛围好）,8k-14k,信息安全、移动互联网/天使轮,本科/1-3年
武汉,武汉北蚁网络科技有限公司,"年底双薪,绩效奖金,休闲餐点,五险一金",Python高级开发工程师,10k-15k,"电子商务,移动互联网/不需要融资",大专/5-10年
北京,北京海瀑网络科技有限公司,"专项奖金,股票期权,绩效奖金",Python工程师,13k-25k,"移动互联网,游戏/A轮",本科/3-5年
杭州,浙江日报报业集团,"带薪年假,美女多,定期体检,人才公寓",Python工程师,8k-16k,"移动互联网,文化娱乐/不需要融资",本科/1-3年
上海,上海层峰网络科技有限公司,"五险一金,岗位晋升,年度旅游,定期体检",python高级开发工程师,15k-26k,"数据服务,移动互联网/B轮",本科/3-5年
成都,昊盈信息技术（成都）有限公司,"年底双薪,节日礼物,技能培训,绩效奖金",Python 开发工程师,8k-15k,"移动互联网,游戏/不需要融资",大专/3-5年
北京,北京腾云天下科技有限公司,"精英团队,扁平管理,海量数据,弹性工作",Python工程师J10008,20k-30k,移动互联网/C轮,本科/不限
成都,成都捷云智慧科技有限公司,,Python,8k-12k,移动互联网/不需要融资,本科/1-3年
北京,北京汇行科技有限公司,"股票期权,十四薪,零食饮料水果,团队氛围好",Python工程师,8k-16k,旅游/B轮,本科/1-3年
深圳,上海奥飞游戏有限公司,,Python开发工程师,8k-12k,游戏/A轮,大专/1-3年
武汉,武汉北蚁网络科技有限公司,"年底双薪,绩效奖金,休闲餐点,五险一金",Python高级开发工程师,10k-15k,"电子商务,移动互联网/不需要融资",大专/5-10年
上海,上海真己化人教育科技有限公司,"技能培训,带薪年假,岗位晋升,帅哥多",Python资深开发工程师,12k-24k,文化娱乐/不需要融资,本科/3-5年
上海,无锡华云数据技术服务有限公司,"节日礼物,带薪年假,扁平管理,弹性工作",高级Python开发工程师,18k-25k,"移动互联网,数据服务/D轮及以上",本科/3-5年
深圳,深圳市明源云客电子商务有限公司,"高额六险一金,年底双薪,绩效奖金,N项经费",Python高级开发工程师,16k-22k,"移动互联网,企业服务/上市公司",本科/3-5年
上海,上海悦易网络信息技术有限公司,"节日礼物,股票期权,专项奖金,带薪年假",python工程师,15k-25k,"电子商务,O2O/D轮及以上",本科/3-5年
北京,上海淇毓信息科技有限公司,"年底双薪,股票期权,带薪年假,定期体检",Python开发工程师,20k-30k,"移动互联网,金融/未融资",本科/3-5年
广州,蓝盾信息安全技术股份有限公司,"技能培训,节日礼物,绩效奖金,岗位晋升",Python开发工程师,12k-22k,信息安全/上市公司,本科/1-3年
北京,北京贝斯平云科技有限公司,"扁平管理,技能培训,云计算,国际化",Python开发工程师,15k-25k,不限/A轮,本科/3-5年
北京,博瑞天下（北京)科技有限公司,"股票期权,扁平管理,美女多,五险一金",python工程师,10k-20k,"移动互联网,金融/A轮",本科/1-3年
北京,北京智者天下科技有限公司,"年底双薪,股票期权,带薪年假,定期体检",资深 Python 开发工程师,25k-45k,"移动互联网,社交网络/D轮及以上",本科/3-5年
上海,上海众言网络科技有限公司,"技能培训,节日礼物,年底双薪,绩效奖金",Python资深开发,12k-24k,移动互联网/B轮,本科/3-5年
上海,上海利莫网络科技有限公司,"专项奖金,股票期权,带薪年假,年度旅游",Python工程师,10k-20k,金融/B轮,不限/1-3年
北京,北京鱼行天下网络科技有限公司,"五险一金,专项奖金,半年调薪,团建旅游",Python开发工程师,20k-40k,旅游/B轮,本科/1-3年
深圳,深圳码隆科技有限公司,"技术大牛集聚,扁平管理,五险一金,领导好",python开发工程师(深圳),20k-40k,移动互联网/B轮,本科/1-3年
北京,小叶子（北京）科技有限公司,"优秀团队,篮球羽毛球队,13薪,技术大牛多",python,20k-30k,"硬件,教育/C轮",本科/3-5年
北京,北京点石经纬科技有限公司,"五险一金,带薪年假,节日礼物,年度旅游",Python工程师,10k-20k,"移动互联网,教育/B轮",本科/1-3年
长沙,湖南本地星网络科技有限公司,,高级爬虫工程师/python开发,10k-15k,"移动互联网,电子商务/A轮",大专/3-5年
北京,混沌时代（北京）教育科技有限公司,"弹性工作,扁平管理,领导好,五险一金",python工程师,20K-40K,"移动互联网,教育/不需要融资",本科/3-5年
北京,北京一览科技有限公司,"股票期权,弹性工作,领导好,扁平管理",python开发工程师,20k-40k,"移动互联网,文化娱乐/B轮",本科/3-5年
深圳,万科物业发展有限公司,"社区o2o,原始股权,弹性工作制,互联网+",Python开发工程师,15k-30k,"O2O,生活服务/不需要融资",本科/3-5年
上海,竹间智能科技（上海）有限公司,"年底双薪,股票期权,带薪年假,绩效奖金",Python 开发工程师,20k以上,"移动互联网,其他/B轮",本科/不限
深圳,深圳虾皮信息科技有限公司,"定期体检,通讯津贴,带薪年假,绩效奖金",Python开发工程师,15k-30k,电子商务/上市公司,本科/1-3年
深圳,深圳市环球易购电子商务有限公司,"节日礼物,股票期权,带薪年假,绩效奖金",高级python开发工程师,12k-20k,电子商务/上市公司,大专/3-5年
北京,联想（北京）有限公司,"技能培训,待遇优厚,晋升空间,五险一金",Python开发工程师,17k-18k,"移动互联网,数据服务/上市公司",本科/3-5年
上海,上海基分文化传播有限公司,"专项奖金,带薪年假,弹性工作,管理规范",Python开发工程师,20k-35k,移动互联网/不需要融资,大专/3-5年
北京,北京字节跳动科技有限公司,"扁平管理,弹性工作,大厨定制三餐,就近租房补贴",高级Python开发工程师,25k-40k,"移动互联网,数据服务/C轮",本科/3-5年
北京,普信恒业科技发展（北京）有限公司,"管理规范,技能培训,扁平管理,弹性工作",Python研发工程师,25k-40k,金融/上市公司,本科/5-10年
北京,北京源石智影科技有限公司,"专项奖金,股票期权,绩效奖金,年终分红",Python开发工程师,20k-40k,"移动互联网,数据服务/不需要融资",大专/5-10年
上海,上海道客网络科技有限公司,"工程师文化,业界大牛,改变世界,豪华团队",Python研发工程师,15k-30k,"企业服务,数据服务/A轮",本科/3-5年
杭州,圆通速递有限公司,"技能培训,免费班车,专项奖金,岗位晋升",Python开发工程师,15k-30k,"企业服务,数据服务/上市公司",本科/3-5年
北京,智线云科技（北京）有限公司,"绩效奖金,股票期权,带薪年假,弹性工作",高级Java/PHP/Python工程师,15k-24k,"移动互联网,数据服务/A轮",本科/3-5年
上海,深圳市前海自乐游旅游科技有限公司,"领导好,扁平管理,AI,人工智能",Python开发工程师,25k-50k,"移动互联网,旅游/A轮",本科/3-5年
广州,广州玖维信息科技有限公司,"年底双薪,专项奖金,年终分红,带薪年假",Python软件开发工程师,4k-6k,"移动互联网,数据服务/上市公司",大专/1年以下
厦门,厦门笨鸟电子商务有限公司,"高新企业,扁平管理,五险一金,股票期权",Python工程师,8k-15k,企业服务/B轮,本科/3-5年
杭州,杭州群核信息技术有限公司,"两次加薪,弹性工作,期权丰厚,两次晋升",高级Python开发工程师,15k-30k,移动互联网/D轮及以上,本科/3-5年
北京,北京迅达云成科技有限公司,"节日礼物,年底双薪,绩效奖金,岗位晋升",Python开发工程师,10k-20k,数据服务/B轮,大专/1-3年
深圳,深圳市和讯华谷信息技术有限公司,"五险一金,文体活动,团建旅游,美味晚餐",Python开发工程师,15k-30k,"移动互联网,数据服务/D轮及以上",本科/不限
成都,成都路行通信息技术有限公司,"年度旅游,岗位晋升,管理规范,定期体检",高级python研发工程师,15k-20k,"移动互联网,生活服务/不需要融资",本科/5-10年
北京,北京智者天下科技有限公司,"年底双薪,股票期权,带薪年假,定期体检",Python 开发工程师,18k-36k,"移动互联网,社交网络/D轮及以上",本科/1-3年
广州,广州玖维信息科技有限公司,"年底双薪,专项奖金,年终分红,带薪年假",Python工程师,3k-5k,"移动互联网,数据服务/上市公司",大专/1年以下
成都,成都路行通信息技术有限公司,"年度旅游,岗位晋升,管理规范,定期体检",Python开发工程师（中高级）,12k-20k,"移动互联网,生活服务/不需要融资",本科/3-5年
深圳,乐格商业咨询（深圳）有限公司,"节日礼物,技能培训,职业发展预期,岗位晋升",Python高级开发工程师,16k-30k,"企业服务,数据服务/A轮",本科/3-5年
上海,上海基分文化传播有限公司,"专项奖金,带薪年假,弹性工作,管理规范",Python开发工程师,15k-30k,移动互联网/不需要融资,本科/5-10年
北京,永杨安风（北京）科技有限公司,"绩效奖金,专项奖金,带薪年假,节日礼物",Python研发工程师,20k-30k,移动互联网/B轮,本科/1-3年
上海,两鲜商贸（上海）有限公司,"技能培训,节日礼物,带薪年假,岗位晋升",Python 开发工程师,10k-15k,电子商务/A轮,大专/1-3年
北京,北京汇行科技有限公司,"股票期权,十四薪,零食饮料水果,团队氛围好",高级Python工程师,15k-25k,旅游/B轮,本科/1-3年
上海,上海众言网络科技有限公司,"技能培训,节日礼物,年底双薪,绩效奖金",高级Python开发,12k-24k,移动互联网/B轮,本科/3-5年
北京,知为文化传媒（北京）有限公司,"节日礼物,带薪年假,年度旅游,扁平管理",Python工程师,10k-15k,"O2O,文化娱乐/A轮",本科/3-5年
深圳,心灵失重（北京）科技有限公司,"媲美名企高薪,无限量零食,五险一金,年度旅游",Python,15k-30k,移动互联网/A轮,本科/3-5年
北京,蓝信移动（北京）科技有限公司,"技能培训,食堂三餐美食,细分领域第一,实干型团队！",Python开发经理,20k-35k,移动互联网/B轮,本科/5-10年
南京,江苏五星电器有限公司,"节日礼物,带薪年假,绩效奖金,年度旅游",Python开发工程师,7k-12k,"电子商务,生活服务/不需要融资",本科/1-3年
北京,京东金融,"供应链金融,消费金融,众筹业务,支付业务",Python研发工程师,25k-50k,金融/上市公司,本科/5-10年
深圳,平安科技（深圳）有限公司,"节日礼物,年度旅游,岗位晋升,技能培训",Python开发工程师（深圳）,15k-30k,金融/不需要融资,本科/3-5年
北京,北京搜狐新媒体信息技术有限公司,"节日礼物,项目奖金,弹性工作时间,15天年假",搜狐媒体-社交产品中心-Python工程师,20k-30k,"移动互联网,广告营销/上市公司",本科/1-3年
广州,广州玖维信息科技有限公司,"年底双薪,专项奖金,年终分红,带薪年假",Python软件开发工程师,3k-5k,"移动互联网,数据服务/上市公司",大专/1年以下
成都,成都路行通信息技术有限公司,"年度旅游,岗位晋升,管理规范,定期体检",中级python研发工程师,8k-15k,"移动互联网,生活服务/不需要融资",本科/3-5年
宁波,宁波新希望信息技术有限公司,"技能培训,年底双薪,专项奖金,带薪年假",Python,10k-15k,"企业服务,生活服务/未融资",本科/3-5年
北京,浙江九州云信息科技有限公司,"技能培训,绩效奖金,岗位晋升,定期体检",python工程师,15k-30k,数据服务/B轮,不限/不限
武汉,北京推想科技有限公司,"午餐补助,股票期权,定期体检,弹性工作",python工程师,6k-12k,"医疗健康,数据服务/B轮",大专/1年以下
咸阳,西安奥卡云数据科技有限公司,"绩效奖金,交通补助,午餐补助",Python工程师,10k-20k,数据服务/未融资,本科/3-5年
武汉,北京阿博茨科技有限公司,"五天工作制,带薪假期,健康午餐,体育课",Python开发工程师,10k-20k,移动互联网/A轮,本科/3-5年
上海,上海果雪信息科技有限公司,"年底双薪,带薪年假,午餐补助,通讯津贴",Python 工程师,15k-30k,移动互联网/A轮,本科/3-5年
北京,小小黛朵（北京）科技有限公司,"股票期权,年底双薪,带薪年假,功夫熊按摩",python研发工程师,15k-20k,"移动互联网,金融/B轮",大专/3-5年
北京,北京汇行科技有限公司,"股票期权,十四薪,零食饮料水果,团队氛围好",高级Python,15k-25k,旅游/B轮,本科/1-3年
深圳,深圳市五一五游戏网络有限公司,"节日礼物,年底双薪,专项奖金,带薪年假",Python,15k-25k,游戏/未融资,大专/3-5年
北京,北京云游九州空间科技有限公司,"股票期权,专项奖金,带薪年假,定期体检",Python工程师,10k-20k,数据服务、企业服务/天使轮,硕士/1-3年
北京,北京新工场投资顾问有限公司,"年底双薪,节日礼物,技能培训,绩效奖金",高级python开发工程师,15k-30k,"移动互联网,金融/A轮",本科/1-3年
大连,大连允执科技有限公司,"区块链,人工智能,技术驱动型",Python开发工程师,5k-8k,"移动互联网,信息安全/未融资",不限/不限
北京,北京高域海汇科技有限公司,"""""",Python开发工程师,15K-25K,移动互联网/不需要融资,本科/1-3年
广州,广州玖维信息科技有限公司,"年底双薪,专项奖金,年终分红,带薪年假",Python开发工程师,3k-5k,"移动互联网,数据服务/上市公司",大专/1年以下
上海,通联数据股份公司,"五险一金,通讯津贴,带薪年假,节日礼物",python开发工程师,10k-20k,金融/不需要融资,本科/3-5年
深圳,深圳市和讯华谷信息技术有限公司,"五险一金,文体活动,团建旅游,美味晚餐",高级Python开发工程师,15k-25k,"移动互联网,数据服务/D轮及以上",本科/3-5年
深圳,深圳市博奥特科技有限公司,"绩效奖金,领导好,帅哥多,美女多",中级PYTHON开发工程师,22k-25k,"移动互联网,金融/未融资",大专/5-10年
深圳,试金石信用服务有限公司,"绩效奖金,带薪年假,交通补助,午餐补助",Python开发岗,10k-20k,"数据服务,移动互联网/不需要融资",本科/1-3年
北京,北京智者天下科技有限公司,"年底双薪,股票期权,带薪年假,定期体检",Python开发工程师,15k-30k,"移动互联网,社交网络/D轮及以上",本科/3-5年
武汉,北京榆钱投资管理有限公司,"技能培训,带薪年假,岗位晋升,弹性工作",Python,10k-20k,金融/A轮,大专/1-3年
北京,互动峰科技(北京)有限公司,"五险一金,带薪年假,绩效奖金,专项奖金",Python工程师,18k-35k,医疗健康/D轮及以上,本科/不限
深圳,深信服科技股份有限公司,"三餐全包,大牛超多,年终奖超多,大公司，稳定",Python软件开发工程师,13k-18k,"信息安全,企业服务/不需要融资",本科/1-3年
太原,山西优逸客科技有限公司,"技能培训,专项奖金,绩效奖金,岗位晋升",python工程师,8k-12k,移动互联网/不需要融资,本科/1-3年
北京,北京车之家信息技术有限公司,"技能培训,节日礼物,带薪年假,绩效奖金",Python开发工程师,15k-25k,"移动互联网,文化娱乐/上市公司",本科/3-5年
上海,再惠（上海）网络科技有限公司,"午餐晚餐补助,领导亲和逗逼,丰厚股票期权,年底2-5薪",高级python工程师,20k-40k,"移动互联网,企业服务/B轮",本科/3-5年
无锡,南京网燃网络科技有限公司,,python开发工程师助理可应届,4k-6k,"移动互联网,游戏/未融资",大专/1年以下
天津,天津融汇测绘科技有限公司,,python,8k-15k,其他/不需要融资,本科/不限
上海,上海优刻得信息科技有限公司,"节日礼物,技能培训,股权激励计划,代码改变世界",资深Python开发工程师,25k-35k,"数据服务,企业服务/D轮及以上",本科/5-10年
广州,广州玖维信息科技有限公司,"年底双薪,专项奖金,年终分红,带薪年假",Python开发工程师,4k-6k,"移动互联网,数据服务/上市公司",大专/1年以下
深圳,广州云移信息科技有限公司,"股票期权,岗位晋升,扁平管理,领导好",python高级开发工程师,18k-25k,"移动互联网,O2O/B轮",大专/5-10年
厦门,厦门数析信息科技有限公司,"朝十晚六,brt直达,股票期权,年终分红",Python 开发工程师,5k-10k,"企业服务,数据服务/天使轮",本科/1年以下
上海,上海点融信息科技有限责任公司,"节日礼物,带薪年假,岗位晋升,扁平管理",高级python开发工程师-SH415-41509,20k-40k,金融/D轮及以上,本科/3-5年
武汉,北京优帆科技有限公司,"技能培训,股票期权,带薪年假,绩效奖金",Python 研发工程师,12k-24k,数据服务/D轮及以上,本科/1-3年
武汉,小明太极（湖北）国漫文化有限公司,"年底双薪,绩效奖金,午餐补助,股票期权",Python工程师,7k-12k,移动互联网/天使轮,不限/1-3年
深圳,深圳虾皮信息科技有限公司,"定期体检,通讯津贴,带薪年假,绩效奖金",Python开发工程师（高级）,30k-50k,电子商务/上市公司,本科/3-5年
上海,上海道客网络科技有限公司,"工程师文化,业界大牛,改变世界,豪华团队",Python开发工程师,10k-20k,"企业服务,数据服务/A轮",本科/1-3年
深圳,厦门笨鸟电子商务有限公司,"高新企业,扁平管理,五险一金,股票期权",python工程师,20k-40k,企业服务/B轮,本科/1-3年
上海,上海驻云信息科技有限公司,"股票期权,带薪年假,定期体检,年度旅游",Python开发工程师,15k-25k,"移动互联网,企业服务/C轮",大专/3-5年
北京,玖富金科控股集团有限责任公司,"绩效奖金,免费班车,五险一金,部门旅游",Python开发工程师,20k-35k,金融/C轮,本科/不限
石家庄,石家庄佳诚网络技术有限公司,"专项奖金,带薪年假,绩效奖金,年度旅游",python开发工程师,6k-9k,"移动互联网,教育/未融资",大专/1-3年
北京,光合新知（北京）科技有限公司,"产品领先行业,关注学习本源,明星跨界团队,股票期权",Python,15k-30k,"移动互联网,教育/C轮",不限/1-3年
成都,昊盈信息技术（成都）有限公司,"年底双薪,节日礼物,技能培训,绩效奖金",Python Developer Python开发,6k-12k,"移动互联网,游戏/不需要融资",大专/1-3年
上海,上海壤歌市场营销策划有限公司,"股票期权,绩效奖金,岗位晋升,扁平管理",资深Python工程师,18k-28k,"移动互联网,企业服务/A轮",本科/3-5年
北京,北京点石经纬科技有限公司,"五险一金,带薪年假,节日礼物,年度旅游",Python工程师,15k-25k,"移动互联网,教育/B轮",本科/3-5年
北京,永杨安风（北京）科技有限公司,"绩效奖金,专项奖金,带薪年假,节日礼物",python工程师,15k-30k,移动互联网/B轮,本科/3-5年
上海,瞬联软件科技（北京）有限公司,"高薪,节日礼物,弹性工作,带薪年假",python开发工程师,10k-15k,"移动互联网 ,企业服务/不需要融资",本科/不限
烟台,烟台欣和企业食品有限公司,"技能培训,节日礼物,绩效奖金,岗位晋升",JAVA/Python工程师,5k-10k,生活服务/不需要融资,本科/3-5年
无锡,南京网燃网络科技有限公司,,python软件开发助理,3k-6k,"移动互联网,游戏/未融资",大专/1年以下
上海,北京字节跳动科技有限公司,"扁平管理,弹性工作,大厨定制三餐,就近租房补贴",高级Python开发工程师,25k-50k,"移动互联网,数据服务/C轮",本科/3-5年
北京,星辰天合（北京）数据科技有限公司,"股票期权,带薪年假,绩效奖金,定期体检",存储应用开发工程师-Java/GO/Python,18k-35k,企业服务/B轮,本科/3-5年
北京,北京乐信圣文科技有限责任公司,"交通补助,午餐补助,项目奖金,季度奖金",高级Python开发工程师,20k-40k,移动互联网/B轮,本科/3-5年
上海,上海唯链信息科技有限公司,"弹性工作,五险一金,老司机驾校,年底N薪",python高级研发,20k-35k,"移动互联网,信息安全/A轮",大专/3-5年
北京,北京慕华信息科技有限公司,"节日礼物,股票期权,带薪年假,氛围轻松",Python工程师（智能硬件）,20k-30k,"移动互联网,教育/B轮",本科/5-10年
深圳,深圳众禄基金销售股份有限公司,"股票期权,绩效奖金,带薪年假,通讯津贴",Python开发工程师,18k-25k,"移动互联网,金融/上市公司",本科/1-3年
北京,京东金融,"供应链金融,消费金融,众筹业务,支付业务",Python开发工程师-pass平台方向,25k-50k,金融/上市公司,本科/5-10年
上海,浙江九州云信息科技有限公司,"技能培训,绩效奖金,岗位晋升,定期体检",python工程师,15k-30k,数据服务/B轮,不限/不限
上海,苏州博纳讯动软件有限公司,"凝聚力强,客户群广,发展迅速,团队年轻",Python开发工程师,6k-10k,"移动互联网,企业服务/B轮",本科/3-5年
长沙,湖南中名网络科技有限公司,,Python开发工程师,8k-15k,移动互联网 数据服务/不需要融资,不限/不限
北京,北京字节跳动科技有限公司,"扁平管理,弹性工作,大厨定制三餐,就近租房补贴",高级python研发工程师,20k-40k,"移动互联网,数据服务/C轮",本科/1-3年
北京,北京点石经纬科技有限公司,"五险一金,带薪年假,节日礼物,年度旅游",高级python工程师,15k-30k,"移动互联网,教育/B轮",大专/3-5年
北京,苏州博纳讯动软件有限公司,"凝聚力强,客户群广,发展迅速,团队年轻",python开发工程师,10k-20k,"移动互联网,企业服务/B轮",本科/1-3年
北京,北京智融时代科技有限公司,"股票期权,绩效奖金,五险一金,带薪年假",高级Python开发工程师,25k-45k,金融/C轮,本科/3-5年
徐州,徐州灵匠信息科技有限公司,"90后,80后,自主研发,低保13薪",Python程序员,6k-8k,"移动互联网,企业服务/不需要融资",大专/1-3年
北京,北京艾唯博瑞科技有限公司,"技能培训,节日礼物,绩效奖金,岗位晋升",python研发工程师,15k-25k,"移动互联网,企业服务/未融资",本科/3-5年
成都,成都捷云智慧科技有限公司,,Python,8K-10K,移动互联网/不需要融资,本科/1-3年
上海,上海江村市隐智能科技有限公司,"年底双薪,带薪年假,午餐补助,绩效奖金",Python开发,10k-15k,"移动互联网,企业服务/不需要融资",本科/1-3年
上海,上海道客网络科技有限公司,"工程师文化,业界大牛,改变世界,豪华团队",Python研发工程师,10k-20k,"企业服务,数据服务/A轮",本科/1-3年
北京,医渡云（北京）技术有限公司,"节日礼物,年底双薪,股票期权,带薪年假",Python研发工程师,25k-50k,"O2O,医疗健康/B轮",本科/5-10年
北京,深圳市麦达数字股份有限公司,"股票期权,绩效奖金,带薪年假,定期体检",PYTHON研发工程师,25k-35k,"企业服务,数据服务/上市公司",本科/3-5年
杭州,杭州健培科技有限公司,"技能培训,带薪年假,岗位晋升,年度旅游",python软件工程师,10K-15K,"移动互联网,医疗健康/不需要融资",不限/1-3年
北京,北京鱼行天下网络科技有限公司,"五险一金,专项奖金,半年调薪,团建旅游",Python工程师,15k-30k,旅游/B轮,本科/1-3年
北京,车好多旧机动车经纪(北京)有限公司,"带薪年假,弹性工作,免费班车,美女多",高级python开发工程师,20k-40k,O2O/B轮,本科/3-5年
深圳,深圳市博奥特科技有限公司,"绩效奖金,领导好,帅哥多,美女多",PYTHON高级开发工程师,18k-25k,"移动互联网,金融/未融资",不限/3-5年
成都,北京链商电子商务有限公司,"绩效奖金,五险一金,股票期权,美女多",python研发工程师,8k-15k,"移动互联网,电子商务/A轮",本科/1-3年
上海,上海创远教育科技有限公司,"周末双休,不加班,年终奖,一年多次加薪",Python开发工程师,15k-20k,教育/A轮,本科/3-5年
杭州,圆通速递有限公司,"技能培训,免费班车,专项奖金,岗位晋升",高级python开发工程师,20k-35k,"企业服务,数据服务/上市公司",本科/3-5年
北京,北京字节跳动科技有限公司,"扁平管理,弹性工作,大厨定制三餐,就近租房补贴",高级python工程师,25k-40k,"移动互联网,数据服务/C轮",本科/3-5年
北京,企鹅创新（北京）科技有限公司,,Python工程师,25k-35k,"硬件,移动互联网/天使轮",本科/1-3年
北京,北京蚂蜂窝网络科技有限公司,"弹性工作,扁平管理,氛围好,年度体检",高级Python工程师,15k-25k,"移动互联网,旅游/D轮及以上",本科/3-5年
上海,上海知助数据科技有限公司,,Python,12k-17k,"数据服务,企业服务/天使轮",本科/不限
上海,上海果雪信息科技有限公司,"年底双薪,带薪年假,午餐补助,通讯津贴",Python开发,15k-25k,移动互联网/A轮,本科/3-5年
北京,广州杰颉软件科技有限公司,"股票期权,绩效奖金,带薪年假,弹性工作",Python开发工程师,20k-25k,"信息安全,数据服务/A轮",本科/5-10年
深圳,深圳市博奥特科技有限公司,"绩效奖金,领导好,帅哥多,美女多",python开发工程师,10k-20k,"移动互联网,金融/未融资",大专/1-3年
北京,瓦戈科技（上海）有限公司,"节日礼物,年度旅游,岗位晋升,美女多",Python,12k-24k,移动互联网/A轮,本科/3-5年
北京,联想（北京）有限公司,"技能培训,待遇优厚,晋升空间,五险一金",python开发工程师,13k-20k,"移动互联网,数据服务/上市公司",本科/3-5年
北京,国美金控投资有限公司,"岗位晋升,扁平管理,五险一金,互联网金融",python研发工程师,30k-40k,金融/未融资,本科/5-10年
深圳,武汉佰钧成技术有限责任公司,"带薪年假,计算机软件,管理规范,定期体检",python开发工程师,10k-17k,移动互联网/不需要融资,大专/3-5年
武汉,北京神州绿盟信息安全科技股份有限公司,"技能培训,节日礼物,股票期权,带薪年假",python开发工程师,12k-15k,信息安全/上市公司,本科/1-3年
南宁,北京优趣天下信息技术有限公司,"办公环境温馨,周末双休,交通方便,年底双薪",Python开发工程师,4k-8k,移动互联网/未融资,本科/1-3年
上海,亿可能源科技（上海）有限公司,"技能培训,带薪年假,绩效奖金,岗位晋升",Python,15k-30k,"移动互联网,数据服务/A轮",本科/3-5年
北京,中科视拓（北京）科技有限公司,"交通补助,午餐补助,扁平管理,弹性工作",Python高级工程师,25k-40k,企业服务/A轮,不限/1-3年
厦门,厦门市咕啦电子商务有限责任公司,"带薪年假,岗位晋升,扁平管理,领导好",Python开发,6k-10k,电子商务/A轮,大专/1-3年
北京,车好多旧机动车经纪(北京)有限公司,"带薪年假,弹性工作,免费班车,美女多",Python开发工程师,20k-40k,O2O/B轮,本科/3-5年
深圳,深圳市易讯天空网络技术有限公司,"股票期权,绩效奖金,专项奖金,交通补助",Python开发工程师,15k-25k,"移动互联网,电子商务/上市公司",本科/3-5年
北京,北京云途腾科技有限责任公司,"节日礼物,技能培训,绩效奖金,年度旅游",高级python研发工程师,20k-40k,数据服务/B轮,本科/5-10年
北京,北京高域海汇科技有限公司,"""""",Python高级工程师,15k-30k,移动互联网/不需要融资,本科/1-3年
上海,通联数据股份公司,"五险一金,通讯津贴,带薪年假,节日礼物",python开发工程师,15k-30k,金融/不需要融资,本科/1-3年
深圳,深圳米筐科技有限公司,"技能培训,股票期权,带薪年假,年度旅游",Python工程师,8K-16K,金融/A轮,本科/不限
广州,广州稻禾信息科技有限公司,"弹性工作,领导好,技能培训,五险一金",python,8k-10k,"企业服务,移动互联网/不需要融资",大专/1-3年
郑州,河南中原消费金融股份有限公司,"绩效奖金,带薪年假,定期体检,节日礼物",python工程师,10k-20k,"移动互联网,金融/不需要融资",本科/1-3年
南京,北京爱唯光石信息技术有限公司,"年底双薪,股票期权,专项奖金,人性化管理",Python高级开发工程师,15k-25k,"移动互联网,企业服务/不需要融资",本科/3-5年
北京,会找房（北京）网络技术有限公司,"节日礼物,股票期权,带薪年假,年度旅游",高级python开发工程师,15k-30k,移动互联网、金融/C轮,本科/3-5年
北京,深圳码隆科技有限公司,"技术大牛集聚,扁平管理,五险一金,领导好",python工程师(北京),15k-25k,移动互联网/B轮,本科/1-3年
北京,北京网融天下金融信息服务有限公司,"老板是帅哥,绩效奖金,五险一金,带薪年假",python开发工程师,10k-20k,金融/C轮,本科/不限
杭州,杭州嘉云数据科技有限公司,"海量大数据,世界级产品,AI,智能供应链",Python开发工程师（Web方向）,15k-20k,"电子商务,移动互联网/C轮",本科/1-3年
北京,博瑞天下（北京)科技有限公司,"股票期权,扁平管理,美女多,五险一金",高级python工程师,25k-40k,"移动互联网,金融/A轮",本科/3-5年
上海,上海游族信息技术有限公司,"五险一金,岗位晋升,弹性工作,扁平管理",资深python开发工程师,15k-25k,"移动互联网,游戏/上市公司",不限/3-5年
上海,互道信息技术（上海）有限公司,"节日礼物,技能培训,年底双薪,绩效奖金",Python工程师,15k-30k,"移动互联网,电子商务/B轮",本科/3-5年
南通,上海帝联信息科技股份有限公司,"节日礼物,技能培训,带薪年假,绩效奖金",python研发工程师,6k-11k,移动互联网/D轮及以上,本科/1-3年
长沙,深圳前海信美分期科技有限公司,,Python开发 （长沙）,6k-10k,"金融,移动互联网/不需要融资",本科/1-3年
上海,上海优刻得信息科技有限公司,"节日礼物,技能培训,股权激励计划,代码改变世界",高级Python开发工程师,25k-35k,"数据服务,企业服务/D轮及以上",本科/5-10年
上海,上海哈杜科技有限公司,,Python,15k-25k,金融/A轮,本科/3-5年
达州,四川金垣信息技术服务有限公司,"""""",Python工程师,4k-8k,"移动互联网,电子商务/不需要融资",大专/1-3年
珠海,珠海哈工有思科技有限公司,"午餐补助,带薪年假,股票期权,通讯津贴",Python开发工程师,10k-20k,其他/A轮,本科/1-3年
郑州,郑州创恒实业有限公司,"年底双薪,节日礼物,技能培训,绩效奖金",高级Python开发工程师,7k-10k,移动互联网/未融资,大专/1-3年
北京,北京缔联科技有限公司,"年底双薪,节日礼物,年度旅游,岗位晋升",Python开发工程师,10k-20k,企业服务/B轮,本科/3-5年
深圳,顺丰科技有限公司,"技能培训,节日礼物,带薪年假,岗位晋升",Python开发,20k-30k,"移动互联网,电子商务/不需要融资",本科/3-5年
北京,北京首都在线科技股份有限公司,"绩效奖金,通讯津贴,定期体检,带薪年假",python研发工程师,15k-25k,移动互联网/上市公司,本科/5-10年
上海,深圳狗尾草智能科技有限公司,"年底双薪,股票期权,带薪年假,绩效奖金",高级Python开发工程师,15k-30k,"移动互联网,O2O/A轮",本科/5-10年
上海,再惠（上海）网络科技有限公司,"午餐晚餐补助,领导亲和逗逼,丰厚股票期权,年底2-5薪",高级python工程师,20k-40k,"移动互联网,企业服务/B轮",本科/5-10年
上海,上海物思信息科技有限公司,,Python高级工程师,10k-16k,"移动互联网,硬件/天使轮",本科/1-3年
北京,北京小米科技有限责任公司,"快速成长,免费班车,扁平管理,技能培训",Python开发工程师,15k-30k,移动互联网/D轮及以上,本科/1-3年
深圳,深圳市泽林信息咨询有限公司,"节日礼物,技能培训,绩效奖金,年度旅游",高级python开发,15k-30k,教育/不需要融资,大专/3-5年
深圳,深圳回收宝科技有限公司,"股票期权,城市核心,岗位晋升,腾讯系",Python开发工程师,15k-22k,"移动互联网,电子商务/B轮",本科/3-5年
上海,上海优刻得信息科技有限公司,"节日礼物,技能培训,股权激励计划,代码改变世界",中级Python开发工程师,15k-25k,"数据服务,企业服务/D轮及以上",本科/3-5年
北京,北京步鼎方舟科技有限公司,,Python高级开发工程师,20k-30k,"移动互联网,O2O/B轮",本科/3-5年
北京,北京果壳互动科技传媒有限公司,"技能培训,年度旅游,岗位晋升,家庭式三餐",高级Python开发工程师,20k-40k,"移动互联网,社交网络/C轮",本科/3-5年
上海,上海分泰信息科技有限公司,,python开发工程师,15K-25K,移动互联网/天使轮,本科/3-5年
深圳,武汉佰钧成技术有限责任公司,"带薪年假,计算机软件,管理规范,定期体检",Python中级开发工程师,12k-18k,移动互联网/不需要融资,本科/3-5年
北京,北京猎户星空科技有限公司,"年度旅游,弹性工作,领导好,五险一金",python开发工程师,15k-30k,"移动互联网,硬件/A轮",本科/不限
深圳,深圳市杉岩数据技术有限公司,"股票期权,扁平管理,领导好,五险一金",高级Python开发工程师,16k-23k,"企业服务,数据服务/A轮",本科/3-5年
深圳,武汉市哈哈便利科技有限公司,"股票期权,年终分红,专项奖金",Python开发工程师,15k-30k,"硬件,移动互联网/A轮",本科/3-5年
北京,北京全品文教科技股份有限公司,"股票期权,绩效奖金,带薪年假,年终分红",Python开发工程师,15k-30k,"O2O,教育/不需要融资",本科/3-5年
北京,北京汉迪移动互联网科技股份有限公司,"带薪年假,定期体检,文化open,美女多",Python开发工程师,15k-30k,"移动互联网,社交网络/不需要融资",本科/1-3年
北京,北京闪银奇异科技有限公司,"13~15薪,晋升空间大,定期体检,能力定薪",Python开发工程师,18k-35k,"移动互联网,金融/D轮及以上",本科/3-5年
北京,北京理享家商务信息咨询有限公司,"年底双薪,技能培训,绩效奖金,岗位晋升",python开发工程师,10k-15k,金融/C轮,大专/1-3年
成都,网信集团有限公司,"股票期权,午餐补助,定期体检,带薪年假",Python开发工程师,8k-16k,"移动互联网,金融/不需要融资",本科/3-5年
北京,车好多旧机动车经纪(北京)有限公司,"带薪年假,弹性工作,免费班车,美女多",Python,20k-30k,O2O/B轮,本科/1-3年
深圳,深圳市博奥特科技有限公司,"绩效奖金,领导好,帅哥多,美女多",python开发工程师,15k-25k,"移动互联网,金融/未融资",本科/3-5年
广州,广东修炼科技股份有限公司,"股票期权,弹性工作,美女多,扁平管理",Python 开发工程师,8k-16k,移动互联网/不需要融资,大专/1-3年
北京,北京好巧国际旅行社有限公司,"五险一金,弹性工作,扁平管理,百万医疗",Linux C++/Python高级研发工程师,25k-35k,数据服务/B轮,大专/5-10年
济南,济南四叶草信息技术有限公司,"""""",python开发工程师,6k-12k,移动互联网/天使轮,不限/1-3年
北京,北京金风科创风电设备有限公司,"带薪年假,节日礼物,帅哥多,美女多",Python 开发工程师,18k-35k,"硬件,其他/上市公司",本科/5-10年
上海,上海语酷网络科技有限公司,"""""",python高级研发,20k-35k,"社交网络,企业服务/不需要融资",本科/3-5年
大连,大连中控智慧信息技术有限公司,"午餐补助,节日礼物,领导好,管理规范",python工程师,5k-10k,其他/不需要融资,大专/1-3年
北京,北京天润融通科技有限公司,"五险一金,带薪年假,免费班车,领导好",Python开发工程师[亦庄],15k-30k,"企业服务,数据服务/不需要融资",本科/不限
北京,上海诚信互通网络信息科技有限公司,"年底双薪,股票期权,带薪年假,绩效奖金",Python研发工程师,15k-30k,"移动互联网,企业服务/A轮",大专/3-5年
上海,上海亦存网络科技有限公司,"技能培训,专项奖金,绩效奖金,扁平管理",高级Python开发,20k-40k,"企业服务,数据服务/不需要融资",本科/3-5年
深圳,深圳市华宇讯科技有限公司,"技能培训,股票期权,五险一金,弹性工作",Python工程师实习生,2k-4k,"移动互联网,电子商务/B轮",本科/应届毕业生
北京,北京爱狄特信息科技有限公司,"专项奖金,绩效奖金,年底双薪,股票期权",Python高级开发工程师,15k-30k,"数据服务,其他/不需要融资",本科/5-10年
武汉,浙江力太科技有限公司,"年底双薪,股票期权,专项奖金,带薪年假",python工程师,15k-30k,"移动互联网,其他/C轮",本科/3-5年
深圳,深圳市易博天下科技有限公司,"年底双薪,股票期权,带薪年假,创业公司范儿",Python开发工程师,11k-20k,"移动互联网,O2O/上市公司",大专/1-3年
北京,深圳码隆科技有限公司,"技术大牛集聚,扁平管理,五险一金,领导好",高级python工程师（北京）,25k-40k,移动互联网/B轮,本科/1-3年
杭州,浙江执御信息技术有限公司,"五险一金,带薪年假,节日礼物,年度旅游",Python软件开发工程师,10k-20k,"移动互联网,数据服务/B轮",本科/1-3年
大连,藏宝途（大连）网络科技有限公司,"扁平化管理,带薪年假,五险一金,年轻化团队",Python,6k-12k,"移动互联网,电子商务/不需要融资",本科/1-3年
广州,广州博冠信息科技有限公司,"绩效奖金,年终分红,专项奖金,年底双薪",Python开发工程师-我的世界,12k-18k,游戏/上市公司,本科/1-3年
北京,北京羽扇智信息科技有限公司,"帅哥多,美女多,绩效奖金,股票期权",Python研发工程师,12k-24k,"移动互联网,O2O/D轮及以上",本科/1-3年
北京,北京智者天下科技有限公司,"年底双薪,股票期权,带薪年假,定期体检",Python开发工程师,20k-40k,"移动互联网,社交网络/D轮及以上",本科/3-5年
上海,上海基分文化传播有限公司,"专项奖金,带薪年假,弹性工作,管理规范",Python高级开发,15k-30k,移动互联网/不需要融资,本科/5-10年
北京,掌阅科技股份有限公司,"专项奖金,带薪年假,年度旅游,扁平管理",Python研发工程师（应届毕业生/实习生）,8k-15k,移动互联网/上市公司,本科/不限
北京,北京掌控世代科技有限公司,"带薪年假,定期体检,年度旅游,扁平管理",Python研发中级工程师,15k-30k,"移动互联网,电子商务/A轮",本科/3-5年
杭州,支付宝(杭州)信息技术有限公司,"年底双薪,带薪年假,股票期权,绩效奖金",python开发工程师,20K-40K,"金融,移动互联网/B轮",本科/1-3年
北京,北京中铁信科技有限公司,"带薪年假,绩效奖金,年度旅游,定期体检",Python 中级研发工程师,15k-30k,其他/不需要融资,本科/3-5年
上海,浮石（上海）投资管理有限公司,"环境好,扁平管理,待遇好,绩效奖金",Python量化工程师,20k-40k,金融/不需要融资,本科/3-5年
上海,上海语酷网络科技有限公司,"""""",python高级工程师,20k-40k,"社交网络,企业服务/不需要融资",不限/不限
北京,北京爱特曼科技有限公司,"年底双薪,定期体检,股票期权,带薪年假",高级Python工程师,20k-40k,"移动互联网,数据服务/A轮",本科/3-5年
成都,北京天广汇通科技有限公司,"股票期权,午餐补助,通讯津贴,绩效奖金",python高级工程师,15k-25k,"信息安全,数据服务/不需要融资",本科/3-5年
深圳,深圳众禄基金销售股份有限公司,"股票期权,绩效奖金,带薪年假,通讯津贴",Python开发工程师,18k-25k,"移动互联网,金融/上市公司",大专/3-5年
清远,清远市帕克文化传媒有限公司,"""""",Python,6k-8k,社交网络 移动互联网/未融资,本科/不限
北京,混沌时代（北京）教育科技有限公司,"弹性工作,扁平管理,领导好,五险一金",高级python开发工程师,20k-40k,"移动互联网,教育/不需要融资",本科/3-5年
杭州,杭州览众数据科技有限公司,"技能培训,股票期权,带薪年假,绩效奖金",高级python工程师,15k-30k,"电子商务,数据服务/A轮",本科/3-5年
天津,北京汇行科技有限公司,"股票期权,十四薪,零食饮料水果,团队氛围好",Python开发实习(天津岗）,2k-3k,旅游/B轮,本科/不限
深圳,深圳码隆科技有限公司,"技术大牛集聚,扁平管理,五险一金,领导好",高级python开发工程师（深圳）,20k-40k,移动互联网/B轮,本科/1-3年
上海,蜜柚网络科技（上海）有限公司,"技能培训,节日礼物,股票期权,带薪年假",Python开发实习生 - 短视频方向,4k-8k,"社交网络,文化娱乐/不需要融资",本科/应届毕业生
上海,上海斗象信息科技有限公司,"节日礼物,技能培训,股票期权,专项奖金",Python研发实习生,4k-6k,信息安全/B轮,不限/应届毕业生
北京,上海游族信息技术有限公司,"五险一金,岗位晋升,弹性工作,扁平管理",Python开发工程师-base北京,12k-18k,"移动互联网,游戏/上市公司",不限/3-5年
泉州,福建国脉生物科技有限公司,,python程序员,6k-12k,医疗健康/未融资,大专/1-3年
深圳,万兴科技股份有限公司,"股票期权,骨干配车,创业平台,餐饮补助",Python开发工程师,10k-20k,移动互联网/上市公司,本科/3-5年
广州,海南元游信息技术有限公司广州分公司,"年终分红,包餐,五险一金,绩效奖金",Python开发工程师,8k-15k,游戏/不需要融资,本科/1-3年
长沙,湖南康通电子股份有限公司,"技能培训,效益奖金,岗位晋升,通讯津贴",高级Python工程师,10k-20k,移动互联网/未融资,本科/1-3年
北京,北京搜狗科技发展有限公司,"岗位晋升,扁平管理,管理规范,精英团队",搜狗AI-Python开发工程师,15k-30k,"移动互联网,数据服务/C轮",本科/3-5年
北京,飞维美地信息技术（北京）有限公司,"技能培训,绩效奖金,岗位晋升,领导好",资深Python开发工程师,24k-32k,"企业服务,数据服务/上市公司",本科/3-5年
上海,上海大岂网络科技有限公司,"带薪年假,定期体检,年终分红,节日礼物",python工程师,10k-20k,移动互联网/B轮,本科/1-3年
北京,北京中铁信科技有限公司,"带薪年假,绩效奖金,年度旅游,定期体检",Python中级研发工程师,14k-23k,其他/不需要融资,本科/3-5年
北京,北京闪银奇异科技有限公司,"13~15薪,晋升空间大,定期体检,能力定薪",Python开发工程师,18k-35k,"移动互联网,金融/D轮及以上",本科/1-3年
上海,上海壤歌市场营销策划有限公司,"股票期权,绩效奖金,岗位晋升,扁平管理",python工程师,10k-15k,"移动互联网,企业服务/A轮",不限/1-3年
上海,上海魔芋网络科技有限公司,"年底双薪,岗位晋升,扁平管理,领导好",python开发工程师,15k-25k,数据服务/A轮,本科/1-3年
重庆,重庆博尼施科技有限公司,"技能培训,年底双薪,绩效奖金,高速增长",初级/实习生 Python研发工程师,2k-4k,移动互联网/不需要融资,本科/不限
昆明,昆明花易宝科技有限公司,,Python开发,6K-10K,电子商务、移动互联网/天使轮,大专/3-5年
成都,四川长虹电器股份有限公司,"绩效奖金,管理规范,定期体检,五险一金",python工程师,8k-15k,硬件/上市公司,本科/3-5年
深圳,深圳市博奥特科技有限公司,"绩效奖金,领导好,帅哥多,美女多",Python,10k-20k,"移动互联网,金融/未融资",大专/1-3年
上海,上海微汇金融信息服务有限公司,"技能培训,节日礼物,专项奖金,带薪年假",高级Python工程师,12k-24k,金融/A轮,不限/3-5年
上海,瞬联软件科技（北京）有限公司,"高薪,节日礼物,弹性工作,带薪年假",Python软件开发工程师,10k-15k,"移动互联网 ,企业服务/不需要融资",本科/1-3年
